id,code_prefix_start,code_prefix_end,name,chart_template_id/id
account_group_1,1,,"EQUITY,PROVISIONSANDFINANCIALLIABILITIESACCOUNTS",l10n_lu.lu_2011_chart_1
account_group_10,10,,"Subscribedcapitalorbranches'assignedcapitalandowner'saccount",l10n_lu.lu_2011_chart_1
account_group_101,101,,"Subscribedcapital",l10n_lu.lu_2011_chart_1
account_group_102,102,,"Subscribedcapitalnotcalled",l10n_lu.lu_2011_chart_1
account_group_103,103,,"Subscribedcapitalcalledbutunpaid",l10n_lu.lu_2011_chart_1
account_group_104,104,,"Capitalofindividualcompanies,corporatepartnershipsandsimilar",l10n_lu.lu_2011_chart_1
account_group_105,105,,"Endowmentofbranches",l10n_lu.lu_2011_chart_1
account_group_106,106,,"Accountoftheownerortheco-owners",l10n_lu.lu_2011_chart_1
account_group_11,11,,"Sharepremiumandsimilarpremiums",l10n_lu.lu_2011_chart_1
account_group_111,111,,"Sharepremium",l10n_lu.lu_2011_chart_1
account_group_112,112,,"Mergerpremium",l10n_lu.lu_2011_chart_1
account_group_113,113,,"Contributionpremium",l10n_lu.lu_2011_chart_1
account_group_114,114,,"Premiumsonconversionofbondsintoshares",l10n_lu.lu_2011_chart_1
account_group_115,115,,"Capitalcontributionwithoutissueofshares",l10n_lu.lu_2011_chart_1
account_group_12,12,,"Revaluationreserves",l10n_lu.lu_2011_chart_1
account_group_122,122,,"Reservesinapplicationoftheequitymethod",l10n_lu.lu_2011_chart_1
account_group_123,123,,"Temporarilynottaxablecurrencytranslationadjustments",l10n_lu.lu_2011_chart_1
account_group_128,128,,"Otherrevaluationreserves",l10n_lu.lu_2011_chart_1
account_group_13,13,,"Reserves",l10n_lu.lu_2011_chart_1
account_group_131,131,,"Legalreserve",l10n_lu.lu_2011_chart_1
account_group_132,132,,"Reservesforownsharesorowncorporateunits",l10n_lu.lu_2011_chart_1
account_group_133,133,,"Reservesprovidedforbythearticlesofassociation",l10n_lu.lu_2011_chart_1
account_group_138,138,,"Otherreserves,includingfair-valuereserve",l10n_lu.lu_2011_chart_1
account_group_1381,1381,,"Otherreservesavailablefordistribution",l10n_lu.lu_2011_chart_1
account_group_1382,1382,,"Otherreservesnotavailablefordistribution",l10n_lu.lu_2011_chart_1
account_group_13821,13821,,"Reservefornetwealthtax(NWT)",l10n_lu.lu_2011_chart_1
account_group_13822,13822,,"Reservesinapplicationoffairvalue",l10n_lu.lu_2011_chart_1
account_group_13823,13823,,"Temporarilynottaxablecapitalgains",l10n_lu.lu_2011_chart_1
account_group_138231,138231,,"Temporarilynottaxablecapitalgainstoreinvest",l10n_lu.lu_2011_chart_1
account_group_138232,138232,,"Temporarilynottaxablecapitalgainsreinvested",l10n_lu.lu_2011_chart_1
account_group_13828,13828,,"Reservesnotavailablefordistributionnotmentionedabove",l10n_lu.lu_2011_chart_1
account_group_14,14,,"Resultforthefinancialyearandresultsbroughtforward",l10n_lu.lu_2011_chart_1
account_group_141,141,,"Resultsbroughtforward",l10n_lu.lu_2011_chart_1
account_group_1411,1411,,"Resultsbroughtforwardintheprocessofassignment",l10n_lu.lu_2011_chart_1
account_group_1412,1412,,"Resultsbroughtforward(assigned)",l10n_lu.lu_2011_chart_1
account_group_142,142,,"Resultforthefinancialyear",l10n_lu.lu_2011_chart_1
account_group_15,15,,"Interimdividends",l10n_lu.lu_2011_chart_1
account_group_16,16,,"Capitalinvestmentsubsidies",l10n_lu.lu_2011_chart_1
account_group_161,161,,"Subsidiesonintangiblefixedassets",l10n_lu.lu_2011_chart_1
account_group_1611,1611,,"Developmentcosts",l10n_lu.lu_2011_chart_1
account_group_1612,1612,,"Concessions,patents,licences,trademarksandsimilarrightsandassets",l10n_lu.lu_2011_chart_1
account_group_16121,16121,,"acquiredagainstpayment(exceptGoodwill)",l10n_lu.lu_2011_chart_1
account_group_16122,16122,,"createdbytheundertakingitself",l10n_lu.lu_2011_chart_1
account_group_1613,1613,,"Goodwillacquiredforconsideration",l10n_lu.lu_2011_chart_1
account_group_162,162,,"Subsidiesontangiblefixedassets",l10n_lu.lu_2011_chart_1
account_group_1621,1621,,"Subsidiesonland,fitting-outsandbuildings",l10n_lu.lu_2011_chart_1
account_group_1622,1622,,"Subsidiesonplantandmachinery",l10n_lu.lu_2011_chart_1
account_group_1623,1623,,"Subsidiesonotherfixtures,fittings,toolsandequipment(includingrollingstock)",l10n_lu.lu_2011_chart_1
account_group_168,168,,"Othercapitalinvestmentsubsidies",l10n_lu.lu_2011_chart_1
account_group_18,18,,"Provisions",l10n_lu.lu_2011_chart_1
account_group_181,181,,"Provisionsforpensionsandsimilarobligations",l10n_lu.lu_2011_chart_1
account_group_182,182,,"Provisionsfortaxation",l10n_lu.lu_2011_chart_1
account_group_183,183,,"Deferredtaxprovisions",l10n_lu.lu_2011_chart_1
account_group_188,188,,"Otherprovisions",l10n_lu.lu_2011_chart_1
account_group_1881,1881,,"Operatingprovisions",l10n_lu.lu_2011_chart_1
account_group_1882,1882,,"Financialprovisions",l10n_lu.lu_2011_chart_1
account_group_19,19,,"Debentureloansandamountsowedtocreditinstitutions",l10n_lu.lu_2011_chart_1
account_group_192,192,,"Convertibledebentureloans",l10n_lu.lu_2011_chart_1
account_group_1921,1921,,"dueandpayablewithinoneyear",l10n_lu.lu_2011_chart_1
account_group_1922,1922,,"dueandpayableaftermorethanoneyear",l10n_lu.lu_2011_chart_1
account_group_193,193,,"Non-convertibledebentureloans",l10n_lu.lu_2011_chart_1
account_group_1931,1931,,"dueandpayablewithinoneyear",l10n_lu.lu_2011_chart_1
account_group_1932,1932,,"dueandpayableaftermorethanoneyear",l10n_lu.lu_2011_chart_1
account_group_194,194,,"Amountsowedtocreditinstitutions",l10n_lu.lu_2011_chart_1
account_group_1941,1941,,"dueandpayablewithinoneyear",l10n_lu.lu_2011_chart_1
account_group_1942,1942,,"dueandpayableaftermorethanoneyear",l10n_lu.lu_2011_chart_1
account_group_2,2,,"FORMATIONEXPENSESANDFIXEDASSETSACCOUNTS",l10n_lu.lu_2011_chart_1
account_group_20,20,,"Formationexpensesandsimilarexpenses",l10n_lu.lu_2011_chart_1
account_group_201,201,,"Set-upandstart-upcosts",l10n_lu.lu_2011_chart_1
account_group_203,203,,"Expensesforincreasesincapitalandforvariousoperations(merger,demerger,changeoflegalform)",l10n_lu.lu_2011_chart_1
account_group_204,204,,"Loanissuancesexpenses",l10n_lu.lu_2011_chart_1
account_group_208,208,,"Othersimilarexpenses",l10n_lu.lu_2011_chart_1
account_group_21,21,,"Intangiblefixedassets",l10n_lu.lu_2011_chart_1
account_group_211,211,,"Developmentcosts",l10n_lu.lu_2011_chart_1
account_group_212,212,,"Concessions,patents,licences,trademarksandsimilarrightsandassets",l10n_lu.lu_2011_chart_1
account_group_2121,2121,,"acquiredforconsideration(exceptGoodwill)",l10n_lu.lu_2011_chart_1
account_group_21211,21211,,"Concessions",l10n_lu.lu_2011_chart_1
account_group_21212,21212,,"Patents",l10n_lu.lu_2011_chart_1
account_group_21213,21213,,"Softwarelicences",l10n_lu.lu_2011_chart_1
account_group_21214,21214,,"Trademarksandfranchises",l10n_lu.lu_2011_chart_1
account_group_21215,21215,,"Similarrightsandassets",l10n_lu.lu_2011_chart_1
account_group_212151,212151,,"Copyrightsandreproductionrights",l10n_lu.lu_2011_chart_1
account_group_212152,212152,,"Greenhousgasandsimilaremissionquotas",l10n_lu.lu_2011_chart_1
account_group_212158,212158,,"Othersimilarrightsandassetsacquiredforconsideration",l10n_lu.lu_2011_chart_1
account_group_2122,2122,,"createdbytheundertakingitself",l10n_lu.lu_2011_chart_1
account_group_21221,21221,,"Concessions",l10n_lu.lu_2011_chart_1
account_group_21222,21222,,"Patents",l10n_lu.lu_2011_chart_1
account_group_21223,21223,,"Softwarelicences",l10n_lu.lu_2011_chart_1
account_group_21224,21224,,"Trademarksandfranchises",l10n_lu.lu_2011_chart_1
account_group_21225,21225,,"Similarrightsandassets",l10n_lu.lu_2011_chart_1
account_group_212251,212251,,"Copyrightsandreproductionrights",l10n_lu.lu_2011_chart_1
account_group_212258,212258,,"Othersimilarrightsandassetscreatedbytheundertakingitself",l10n_lu.lu_2011_chart_1
account_group_213,213,,"Goodwillacquiredforconsideration",l10n_lu.lu_2011_chart_1
account_group_214,214,,"Downpaymentsandintangiblefixedassetsunderdevelopment",l10n_lu.lu_2011_chart_1
account_group_22,22,,"Tangiblefixedassets",l10n_lu.lu_2011_chart_1
account_group_221,221,,"Land,fixturesandfitting-outsandbuildings",l10n_lu.lu_2011_chart_1
account_group_2211,2211,,"Land",l10n_lu.lu_2011_chart_1
account_group_22111,22111,,"LandinLuxembourg",l10n_lu.lu_2011_chart_1
account_group_221111,221111,,"Developedland",l10n_lu.lu_2011_chart_1
account_group_221112,221112,,"Propertyrightsandsimilar",l10n_lu.lu_2011_chart_1
account_group_221118,221118,,"Otherland",l10n_lu.lu_2011_chart_1
account_group_22112,22112,,"Landinforeigncountries",l10n_lu.lu_2011_chart_1
account_group_2212,2212,,"Fixturesandfittings-outofland",l10n_lu.lu_2011_chart_1
account_group_22121,22121,,"Fixturesandfitting-outsoflandinLuxembourg",l10n_lu.lu_2011_chart_1
account_group_22122,22122,,"Fixturesandfitting-outsoflandinforeigncountries",l10n_lu.lu_2011_chart_1
account_group_2213,2213,,"Buildings",l10n_lu.lu_2011_chart_1
account_group_22131,22131,,"BuildingsinLuxembourg",l10n_lu.lu_2011_chart_1
account_group_221311,221311,,"Residentialbuildings",l10n_lu.lu_2011_chart_1
account_group_221312,221312,,"Non-residentialbuildings",l10n_lu.lu_2011_chart_1
account_group_221313,221313,,"Mixed-usebuildings",l10n_lu.lu_2011_chart_1
account_group_221318,221318,,"Otherbuildings",l10n_lu.lu_2011_chart_1
account_group_22132,22132,,"Buildingsinforeigncountries",l10n_lu.lu_2011_chart_1
account_group_2214,2214,,"Fixturesandfitting-outsofbuildings",l10n_lu.lu_2011_chart_1
account_group_22141,22141,,"Fixturesandfitting-outsofbuildingsinLuxembourg",l10n_lu.lu_2011_chart_1
account_group_22142,22142,,"Fixturesandfitting-outsofbuildingsinforeigncountries",l10n_lu.lu_2011_chart_1
account_group_2215,2215,,"Investmentproperties",l10n_lu.lu_2011_chart_1
account_group_22151,22151,,"InvestmentpropertiesinLuxembourg",l10n_lu.lu_2011_chart_1
account_group_22152,22152,,"Investmentpropertiesinforeigncountries",l10n_lu.lu_2011_chart_1
account_group_222,222,,"Plantandmachinery",l10n_lu.lu_2011_chart_1
account_group_2221,2221,,"Plant",l10n_lu.lu_2011_chart_1
account_group_2222,2222,,"Machinery",l10n_lu.lu_2011_chart_1
account_group_223,223,,"Otherfixturesandfittings,toolsandequipment(includingrollingstock)",l10n_lu.lu_2011_chart_1
account_group_2231,2231,,"Transportationandhandlingequipment",l10n_lu.lu_2011_chart_1
account_group_2232,2232,,"Motorvehicles",l10n_lu.lu_2011_chart_1
account_group_2233,2233,,"Tools",l10n_lu.lu_2011_chart_1
account_group_2234,2234,,"Furniture",l10n_lu.lu_2011_chart_1
account_group_2235,2235,,"Computerequipment",l10n_lu.lu_2011_chart_1
account_group_2236,2236,,"Livestock",l10n_lu.lu_2011_chart_1
account_group_2237,2237,,"Returnablepackaging",l10n_lu.lu_2011_chart_1
account_group_2238,2238,,"Otherfixtures",l10n_lu.lu_2011_chart_1
account_group_224,224,,"Downpaymentsandtangiblefixedassetsunderdevelopment",l10n_lu.lu_2011_chart_1
account_group_2241,2241,,"Land,fitting-outsandbuildings",l10n_lu.lu_2011_chart_1
account_group_22411,22411,,"Land,fitting-outsandbuildingsinLuxembourg",l10n_lu.lu_2011_chart_1
account_group_22412,22412,,"Land,fitting-outsandbuildingsinforeigncountries",l10n_lu.lu_2011_chart_1
account_group_2242,2242,,"Plantandmachinery",l10n_lu.lu_2011_chart_1
account_group_2243,2243,,"Otherfixturesandfittings,toolsandequipment(includingrollingstock)",l10n_lu.lu_2011_chart_1
account_group_23,23,,"Financialfixedassets",l10n_lu.lu_2011_chart_1
account_group_231,231,,"Sharesinaffiliatedundertakings",l10n_lu.lu_2011_chart_1
account_group_232,232,,"Amountsowedbyaffiliatedundertakings",l10n_lu.lu_2011_chart_1
account_group_233,233,,"Participatinginterests",l10n_lu.lu_2011_chart_1
account_group_234,234,,"Amountsowedbyundertakingswithwhichtheundertakingislinkedbyvirtueofparticipatinginterests",l10n_lu.lu_2011_chart_1
account_group_235,235,,"Securitiesheldasfixedassets",l10n_lu.lu_2011_chart_1
account_group_2351,2351,,"Securitiesheldasfixedassets(equityright)",l10n_lu.lu_2011_chart_1
account_group_23511,23511,,"Sharesorcorporateunits",l10n_lu.lu_2011_chart_1
account_group_235111,235111,,"Listedshares",l10n_lu.lu_2011_chart_1
account_group_235112,235112,,"Unlistedshares",l10n_lu.lu_2011_chart_1
account_group_23518,23518,,"Othersecuritiesheldasfixedassets(equityright)",l10n_lu.lu_2011_chart_1
account_group_2352,2352,,"Securitiesheldasfixedassets(creditor'sright)",l10n_lu.lu_2011_chart_1
account_group_23521,23521,,"Debentures",l10n_lu.lu_2011_chart_1
account_group_23528,23528,,"Othersecuritiesheldasfixedassets(creditor'sright)",l10n_lu.lu_2011_chart_1
account_group_2353,2353,,"Sharesofcollectiveinvestmentfunds",l10n_lu.lu_2011_chart_1
account_group_2358,2358,,"Othersecuritiesheldasfixedassets",l10n_lu.lu_2011_chart_1
account_group_236,236,,"Loans,depositsandclaimsheldasfixedassets",l10n_lu.lu_2011_chart_1
account_group_2361,2361,,"Loans",l10n_lu.lu_2011_chart_1
account_group_2362,2362,,"Depositsandguaranteespaid",l10n_lu.lu_2011_chart_1
account_group_2363,2363,,"Long-termreceivables",l10n_lu.lu_2011_chart_1
account_group_3,3,,"INVENTORIESACCOUNTS",l10n_lu.lu_2011_chart_1
account_group_30,30,,"Inventoriesofrawmaterialsandconsumables",l10n_lu.lu_2011_chart_1
account_group_301,301,,"Inventoriesofrawmaterials",l10n_lu.lu_2011_chart_1
account_group_303,303,,"Inventoriesofconsumablematerialsandsupplies",l10n_lu.lu_2011_chart_1
account_group_304,304,,"Inventoriesofpackaging",l10n_lu.lu_2011_chart_1
account_group_31,31,,"Inventoriesofworkandcontractsinprogress",l10n_lu.lu_2011_chart_1
account_group_311,311,,"Inventoriesofworkinprogress",l10n_lu.lu_2011_chart_1
account_group_312,312,,"Contractsinprogress-goods",l10n_lu.lu_2011_chart_1
account_group_313,313,,"Contractsinprogress-services",l10n_lu.lu_2011_chart_1
account_group_314,314,,"Buildingsunderconstruction",l10n_lu.lu_2011_chart_1
account_group_315,315,,"Downpaymentsreceivedoninventoriesofworkandoncontractsinprogress",l10n_lu.lu_2011_chart_1
account_group_32,32,,"Inventoriesofgoods",l10n_lu.lu_2011_chart_1
account_group_321,321,,"Inventoriesoffinishedgoods",l10n_lu.lu_2011_chart_1
account_group_322,322,,"Inventoriesofsemi-finishedgoods",l10n_lu.lu_2011_chart_1
account_group_323,323,,"Inventoriesofresidualgoods(waste,rejectedandrecuperablematerial)",l10n_lu.lu_2011_chart_1
account_group_36,36,,"Inventoriesofmerchandisesandothergoodsforresale",l10n_lu.lu_2011_chart_1
account_group_361,361,,"Inventoriesofmerchandise",l10n_lu.lu_2011_chart_1
account_group_362,362,,"Inventoriesoflandforresale",l10n_lu.lu_2011_chart_1
account_group_3621,3621,,"InventoriesoflandforresaleinLuxembourg",l10n_lu.lu_2011_chart_1
account_group_3622,3622,,"Inventoriesoflandforresaleinforeigncountries",l10n_lu.lu_2011_chart_1
account_group_363,363,,"Inventoriesofbuildingsforresale",l10n_lu.lu_2011_chart_1
account_group_3631,3631,,"InventoriesofbuildingsforresaleinLuxembourg",l10n_lu.lu_2011_chart_1
account_group_3632,3632,,"Inventoriesofbuildingsforresaleinforeigncountries",l10n_lu.lu_2011_chart_1
account_group_37,37,,"Downpaymentsonaccountoninventories",l10n_lu.lu_2011_chart_1
account_group_4,4,,"DEBTORSANDCREDITORS",l10n_lu.lu_2011_chart_1
account_group_40,40,,"Tradereceivables(Receivablesfromsalesandrenderingofservices)",l10n_lu.lu_2011_chart_1
account_group_401,401,,"Tradereceivablesdueandpayablewithinoneyear",l10n_lu.lu_2011_chart_1
account_group_4011,4011,,"Customers",l10n_lu.lu_2011_chart_1
account_group_4012,4012,,"Customers-Receivablebillsofexchange",l10n_lu.lu_2011_chart_1
account_group_4013,4013,,"Doubtfulordisputedcustomers",l10n_lu.lu_2011_chart_1
account_group_4014,4014,,"Customers-Unbilledsales",l10n_lu.lu_2011_chart_1
account_group_4015,4015,,"Customerswithacreditbalance",l10n_lu.lu_2011_chart_1
account_group_4019,4019,,"Valueadjustments",l10n_lu.lu_2011_chart_1
account_group_402,402,,"Tradereceivablesdueandpayableaftermorethanoneyear",l10n_lu.lu_2011_chart_1
account_group_4021,4021,,"Customers",l10n_lu.lu_2011_chart_1
account_group_4025,4025,,"Customerswithcreditorbalance",l10n_lu.lu_2011_chart_1
account_group_4029,4029,,"Valueadjustments",l10n_lu.lu_2011_chart_1
account_group_41,41,,"Amountsowedbyaffiliatedundertakingsandbyundertakingswithwhichtheundertakingislinkedbyvirtueofparticipatinginterests",l10n_lu.lu_2011_chart_1
account_group_411,411,,"Amountsowedbyaffiliatedundertakings",l10n_lu.lu_2011_chart_1
account_group_4111,4111,,"Amountsowedbyaffiliatedundertakingsreceivablewithinoneyear",l10n_lu.lu_2011_chart_1
account_group_41111,41111,,"Tradereceivables",l10n_lu.lu_2011_chart_1
account_group_41112,41112,,"Loansandadvances",l10n_lu.lu_2011_chart_1
account_group_41118,41118,,"Otherreceivables",l10n_lu.lu_2011_chart_1
account_group_41119,41119,,"Valueadjustments",l10n_lu.lu_2011_chart_1
account_group_4112,4112,,"Amountsowedbyaffiliatedundertakingsreceivableaftermorethanoneyear",l10n_lu.lu_2011_chart_1
account_group_41121,41121,,"Tradereceivables",l10n_lu.lu_2011_chart_1
account_group_41122,41122,,"Loansandadvances",l10n_lu.lu_2011_chart_1
account_group_41128,41128,,"Otherreceivables",l10n_lu.lu_2011_chart_1
account_group_41129,41129,,"Valueadjustments",l10n_lu.lu_2011_chart_1
account_group_412,412,,"Amountsowedbyundertakingswithwhichtheundertakingislinkedbyvirtueofparticipatinginterests",l10n_lu.lu_2011_chart_1
account_group_4121,4121,,"Amountsowedbyundertakingswithwhichtheundertakingislinkedbyvirtueofparticipatinginterestsreceivablewithinoneyear",l10n_lu.lu_2011_chart_1
account_group_41211,41211,,"Tradereceivables",l10n_lu.lu_2011_chart_1
account_group_41212,41212,,"Loansandadvances",l10n_lu.lu_2011_chart_1
account_group_41218,41218,,"Otherreceivables",l10n_lu.lu_2011_chart_1
account_group_41219,41219,,"Valueadjustments",l10n_lu.lu_2011_chart_1
account_group_4122,4122,,"Amountsreceivableaftermorethanoneyear",l10n_lu.lu_2011_chart_1
account_group_41221,41221,,"Tradereceivables",l10n_lu.lu_2011_chart_1
account_group_41222,41222,,"Loansandadvances",l10n_lu.lu_2011_chart_1
account_group_41228,41228,,"Otherreceivables",l10n_lu.lu_2011_chart_1
account_group_41229,41229,,"Valueadjustments",l10n_lu.lu_2011_chart_1
account_group_42,42,,"Otherreceivables",l10n_lu.lu_2011_chart_1
account_group_421,421,,"Otherreceivableswithinoneyear",l10n_lu.lu_2011_chart_1
account_group_4211,4211,,"Staff-Advancesanddownpayments",l10n_lu.lu_2011_chart_1
account_group_42111,42111,,"Advancesanddownpayments",l10n_lu.lu_2011_chart_1
account_group_42119,42119,,"Valueadjustments",l10n_lu.lu_2011_chart_1
account_group_4212,4212,,"Amountsowedbypartnersandshareholders(othersthanfromaffiliatedundertakings)",l10n_lu.lu_2011_chart_1
account_group_4213,4213,,"State-Subsidiestobereceived",l10n_lu.lu_2011_chart_1
account_group_42131,42131,,"Investmentsubsidies",l10n_lu.lu_2011_chart_1
account_group_42132,42132,,"Operatingsubsidies",l10n_lu.lu_2011_chart_1
account_group_42138,42138,,"Othersubsidies",l10n_lu.lu_2011_chart_1
account_group_4214,4214,,"DirectTaxAuthority(ACD)",l10n_lu.lu_2011_chart_1
account_group_42141,42141,,"Corporateincometax",l10n_lu.lu_2011_chart_1
account_group_42142,42142,,"Municipalbusinesstax",l10n_lu.lu_2011_chart_1
account_group_42143,42143,,"Netwealthtax",l10n_lu.lu_2011_chart_1
account_group_42144,42144,,"Withholdingtaxonwagesandsalaries",l10n_lu.lu_2011_chart_1
account_group_42145,42145,,"Withholdingtaxonfinancialinvestmentincome",l10n_lu.lu_2011_chart_1
account_group_42146,42146,,"Withholdingtaxondirector'sfees",l10n_lu.lu_2011_chart_1
account_group_42148,42148,,"ACD-Otheramountsreceivable",l10n_lu.lu_2011_chart_1
account_group_4215,4215,,"CustomsandExciseAuthority(ADA)",l10n_lu.lu_2011_chart_1
account_group_4216,4216,,"IndirectTaxAuthority(AED)",l10n_lu.lu_2011_chart_1
account_group_42161,42161,,"Value-addedtax(VAT)",l10n_lu.lu_2011_chart_1
account_group_421611,421611,,"VATpaidandrecoverable",l10n_lu.lu_2011_chart_1
account_group_421612,421612,,"VATreceivable",l10n_lu.lu_2011_chart_1
account_group_421613,421613,,"VATdownpaymentsmade",l10n_lu.lu_2011_chart_1
account_group_421618,421618,,"VAT-Otherreceivables",l10n_lu.lu_2011_chart_1
account_group_42162,42162,,"Indirecttaxes",l10n_lu.lu_2011_chart_1
account_group_421621,421621,,"Registrationduties",l10n_lu.lu_2011_chart_1
account_group_421622,421622,,"Subscriptiontax",l10n_lu.lu_2011_chart_1
account_group_421628,421628,,"Otherindirecttaxes",l10n_lu.lu_2011_chart_1
account_group_42168,42168,,"Otherreceivables",l10n_lu.lu_2011_chart_1
account_group_4217,4217,,"AmountsowedbytheSocialSecurityandothersocialbodies",l10n_lu.lu_2011_chart_1
account_group_42171,42171,,"JointSocialSecurityCentre(CCSS)",l10n_lu.lu_2011_chart_1
account_group_42172,42172,,"Foreignsocialsecurityoffices",l10n_lu.lu_2011_chart_1
account_group_42178,42178,,"Othersocialbodies",l10n_lu.lu_2011_chart_1
account_group_4218,4218,,"Miscellaneousreceivables",l10n_lu.lu_2011_chart_1
account_group_42181,42181,,"Foreigntaxes",l10n_lu.lu_2011_chart_1
account_group_421811,421811,,"ForeignVAT",l10n_lu.lu_2011_chart_1
account_group_421818,421818,,"Otherforeigntaxes",l10n_lu.lu_2011_chart_1
account_group_42187,42187,,"Derivativefinancialinstruments",l10n_lu.lu_2011_chart_1
account_group_42188,42188,,"Othermiscellaneousreceivables",l10n_lu.lu_2011_chart_1
account_group_42189,42189,,"Valueadjustments",l10n_lu.lu_2011_chart_1
account_group_422,422,,"Otherreceivablesafteroneyear",l10n_lu.lu_2011_chart_1
account_group_4221,4221,,"Staff-advancesanddownpayments",l10n_lu.lu_2011_chart_1
account_group_4222,4222,,"Amountsowedbypartnersandshareholders(othersthanfromaffiliatedundertakings)",l10n_lu.lu_2011_chart_1
account_group_4223,4223,,"State-Subsidiestobereceived",l10n_lu.lu_2011_chart_1
account_group_42231,42231,,"Investmentsubsidies",l10n_lu.lu_2011_chart_1
account_group_42232,42232,,"Operatingsubsidies",l10n_lu.lu_2011_chart_1
account_group_42238,42238,,"Othersubsidies",l10n_lu.lu_2011_chart_1
account_group_4228,4228,,"Miscellaneousreceivables",l10n_lu.lu_2011_chart_1
account_group_42287,42287,,"Derivativefinancialinstruments",l10n_lu.lu_2011_chart_1
account_group_42288,42288,,"Othermiscellaneousreceivables",l10n_lu.lu_2011_chart_1
account_group_42289,42289,,"Valueadjustments",l10n_lu.lu_2011_chart_1
account_group_43,43,,"Downpaymentsreceivedonordersasfarastheyarenotdeducteddistinctlyfrominventories",l10n_lu.lu_2011_chart_1
account_group_431,431,,"Downpaymentsreceivedwithinoneyear",l10n_lu.lu_2011_chart_1
account_group_4311,4311,,"Downpaymentsreceivedonorders",l10n_lu.lu_2011_chart_1
account_group_4312,4312,,"Inventoriesofworkandcontractsinprogresslessdownpaymentsreceived",l10n_lu.lu_2011_chart_1
account_group_432,432,,"Downpaymentsreceivedaftermorethanoneyear",l10n_lu.lu_2011_chart_1
account_group_4321,4321,,"Downpaymentsreceivedonorders",l10n_lu.lu_2011_chart_1
account_group_4322,4322,,"Inventoriesofworkandcontractsinprogresslessdownpaymentsreceived",l10n_lu.lu_2011_chart_1
account_group_44,44,,"Tradepayablesandbillsofexchange",l10n_lu.lu_2011_chart_1
account_group_441,441,,"Tradepayables",l10n_lu.lu_2011_chart_1
account_group_4411,4411,,"Tradepayableswithinoneyear",l10n_lu.lu_2011_chart_1
account_group_44111,44111,,"Suppliers",l10n_lu.lu_2011_chart_1
account_group_44112,44112,,"Suppliers-invoicesnotyetreceived",l10n_lu.lu_2011_chart_1
account_group_44113,44113,,"Supplierswithadebitbalance",l10n_lu.lu_2011_chart_1
account_group_4412,4412,,"Tradepayablesaftermorethanoneyear",l10n_lu.lu_2011_chart_1
account_group_44121,44121,,"Suppliers",l10n_lu.lu_2011_chart_1
account_group_44123,44123,,"Supplierswithadebitbalance",l10n_lu.lu_2011_chart_1
account_group_442,442,,"Billsofexchangepayable",l10n_lu.lu_2011_chart_1
account_group_4421,4421,,"Billsofexchangepayablewithinoneyear",l10n_lu.lu_2011_chart_1
account_group_4422,4422,,"Billsofexchangepayableaftermorethanoneyear",l10n_lu.lu_2011_chart_1
account_group_45,45,,"Amountspayabletoaffiliatedundertakingsandtoundertakingswithwhichtheundertakingislinkedbyvirtueofparticipatinginterests",l10n_lu.lu_2011_chart_1
account_group_451,451,,"Amountspayabletoaffiliatedundertakings",l10n_lu.lu_2011_chart_1
account_group_4511,4511,,"Amountspayabletoaffiliatedundertakingswithinoneyear",l10n_lu.lu_2011_chart_1
account_group_45111,45111,,"Purchasesandservices",l10n_lu.lu_2011_chart_1
account_group_45112,45112,,"Loansandadvances",l10n_lu.lu_2011_chart_1
account_group_45118,45118,,"Otherpayables",l10n_lu.lu_2011_chart_1
account_group_4512,4512,,"Amountspayabletoaffiliatedundertakingsaftermorethanoneyear",l10n_lu.lu_2011_chart_1
account_group_45121,45121,,"Purchasesandservices",l10n_lu.lu_2011_chart_1
account_group_45122,45122,,"Loansandadvances",l10n_lu.lu_2011_chart_1
account_group_45128,45128,,"Otherpayables",l10n_lu.lu_2011_chart_1
account_group_452,452,,"Amountspayabletoundertakingswithwhichtheundertakingislinkedbyvirtueofparticipatinginterests",l10n_lu.lu_2011_chart_1
account_group_4521,4521,,"Amountspayabletoundertakingswithwhichtheundertakingislinkedbyvirtueofparticipatinginterestswithinoneyear",l10n_lu.lu_2011_chart_1
account_group_45211,45211,,"Purchasesandservices",l10n_lu.lu_2011_chart_1
account_group_45212,45212,,"Loansandadvances",l10n_lu.lu_2011_chart_1
account_group_45218,45218,,"Otherpayables",l10n_lu.lu_2011_chart_1
account_group_4522,4522,,"Amountspayabletoundertakingswithwhichtheundertakingislinkedbyvirtueofparticipatinginterestspayableaftermorethanoneyear",l10n_lu.lu_2011_chart_1
account_group_45221,45221,,"Purchasesandservices",l10n_lu.lu_2011_chart_1
account_group_45222,45222,,"Loansandadvances",l10n_lu.lu_2011_chart_1
account_group_45228,45228,,"Otherpayables",l10n_lu.lu_2011_chart_1
account_group_46,46,,"Taxandsocialsecuritydebts",l10n_lu.lu_2011_chart_1
account_group_461,461,,"Taxdebts",l10n_lu.lu_2011_chart_1
account_group_4611,4611,,"Municipalauthorities",l10n_lu.lu_2011_chart_1
account_group_4612,4612,,"DirectTaxAuthority(ACD)",l10n_lu.lu_2011_chart_1
account_group_46121,46121,,"Corporateincometax(CIT)",l10n_lu.lu_2011_chart_1
account_group_461211,461211,,"Corporateincometax-Taxaccrual",l10n_lu.lu_2011_chart_1
account_group_461212,461212,,"CIT-Taxpayable",l10n_lu.lu_2011_chart_1
account_group_46122,46122,,"Municipalbusinesstax(MBT)",l10n_lu.lu_2011_chart_1
account_group_461221,461221,,"MBT-Taxaccrual",l10n_lu.lu_2011_chart_1
account_group_461222,461222,,"MBT-Taxpayable",l10n_lu.lu_2011_chart_1
account_group_46123,46123,,"Netwealthtax(NWT)",l10n_lu.lu_2011_chart_1
account_group_461231,461231,,"NWT-Taxaccrual",l10n_lu.lu_2011_chart_1
account_group_461232,461232,,"NWT-Taxpayable",l10n_lu.lu_2011_chart_1
account_group_46124,46124,,"Withholdingtaxonwagesandsalaries",l10n_lu.lu_2011_chart_1
account_group_46125,46125,,"Withholdingtaxonfinancialinvestmentincome",l10n_lu.lu_2011_chart_1
account_group_46126,46126,,"Withholdingtaxondirector'sfees",l10n_lu.lu_2011_chart_1
account_group_46128,46128,,"ACD-Otheramountspayable",l10n_lu.lu_2011_chart_1
account_group_4613,4613,,"CustomsandExciseAuthority(ADA)",l10n_lu.lu_2011_chart_1
account_group_4614,4614,,"Indirecttaxauthorities(AED)",l10n_lu.lu_2011_chart_1
account_group_46141,46141,,"Value-addedtax(VAT)",l10n_lu.lu_2011_chart_1
account_group_461411,461411,,"VATreceived",l10n_lu.lu_2011_chart_1
account_group_461412,461412,,"VATpayable",l10n_lu.lu_2011_chart_1
account_group_461413,461413,,"VATdownpaymentsreceived",l10n_lu.lu_2011_chart_1
account_group_461418,461418,,"VAT-Otherpayables",l10n_lu.lu_2011_chart_1
account_group_46142,46142,,"Indirecttaxes",l10n_lu.lu_2011_chart_1
account_group_461421,461421,,"Registrationduties",l10n_lu.lu_2011_chart_1
account_group_461422,461422,,"Subscriptiontax",l10n_lu.lu_2011_chart_1
account_group_461428,461428,,"Otherindirecttaxes",l10n_lu.lu_2011_chart_1
account_group_46148,46148,,"AED-Otherdebts",l10n_lu.lu_2011_chart_1
account_group_4615,4615,,"Foreigntaxauthorities",l10n_lu.lu_2011_chart_1
account_group_46151,46151,,"ForeignVAT",l10n_lu.lu_2011_chart_1
account_group_46158,46158,,"Otherforeigntaxes",l10n_lu.lu_2011_chart_1
account_group_462,462,,"Socialsecuritydebtsandothersocialsecuritiesoffices",l10n_lu.lu_2011_chart_1
account_group_4621,4621,,"JointSocialSecurityCentre(CCSS)",l10n_lu.lu_2011_chart_1
account_group_4622,4622,,"ForeignSocialSecurityoffices",l10n_lu.lu_2011_chart_1
account_group_4628,4628,,"Othersocialbodies",l10n_lu.lu_2011_chart_1
account_group_47,47,,"Otherdebts",l10n_lu.lu_2011_chart_1
account_group_471,471,,"Otherdebtspayablewithinoneyear",l10n_lu.lu_2011_chart_1
account_group_4711,4711,,"Receiveddepositsandguarantees",l10n_lu.lu_2011_chart_1
account_group_4712,4712,,"Amountspayabletopartnersandshareholders(othersthanfromaffiliatedundertakings)",l10n_lu.lu_2011_chart_1
account_group_4713,4713,,"Amountspayabletodirectors,managers,statutoryauditorsandsimilar",l10n_lu.lu_2011_chart_1
account_group_4714,4714,,"Amountspayabletostaff",l10n_lu.lu_2011_chart_1
account_group_4715,4715,,"State-Greenhousgasandsimilaremissionquotastobereturnedoracquired",l10n_lu.lu_2011_chart_1
account_group_4716,4716,,"Loansandsimilardebts",l10n_lu.lu_2011_chart_1
account_group_47161,47161,,"Otherloans",l10n_lu.lu_2011_chart_1
account_group_47162,47162,,"Leasedebts",l10n_lu.lu_2011_chart_1
account_group_47163,47163,,"Lifeannuities",l10n_lu.lu_2011_chart_1
account_group_47168,47168,,"Othersimilardebts",l10n_lu.lu_2011_chart_1
account_group_4717,4717,,"Derivativefinancialinstruments",l10n_lu.lu_2011_chart_1
account_group_4718,4718,,"Othermiscellaneousdebts",l10n_lu.lu_2011_chart_1
account_group_472,472,,"Otherdebtspayableaftermorethanoneyear",l10n_lu.lu_2011_chart_1
account_group_4721,4721,,"Receiveddepositsandguarantees",l10n_lu.lu_2011_chart_1
account_group_4722,4722,,"Amountspayabletopartnersandshareholders(othersthanfromaffiliatedundertakings)",l10n_lu.lu_2011_chart_1
account_group_4723,4723,,"Amountspayabletodirectors,managers,statutoryauditorsandsimilar",l10n_lu.lu_2011_chart_1
account_group_4724,4724,,"Amountspayabletostaff",l10n_lu.lu_2011_chart_1
account_group_4726,4726,,"Loansandsimilardebts",l10n_lu.lu_2011_chart_1
account_group_47261,47261,,"Otherloans",l10n_lu.lu_2011_chart_1
account_group_47262,47262,,"Leasedebts",l10n_lu.lu_2011_chart_1
account_group_47263,47263,,"Lifeannuities",l10n_lu.lu_2011_chart_1
account_group_47268,47268,,"Othersimilardebts",l10n_lu.lu_2011_chart_1
account_group_4727,4727,,"Derivativefinancialinstruments",l10n_lu.lu_2011_chart_1
account_group_4728,4728,,"Othermiscellaneousdebts",l10n_lu.lu_2011_chart_1
account_group_48,48,,"Deferredchargesandincome",l10n_lu.lu_2011_chart_1
account_group_481,481,,"Deferredcharges(ononeormorefinancialyears)",l10n_lu.lu_2011_chart_1
account_group_482,482,,"Deferredincome(ononeormorefinancialyears)",l10n_lu.lu_2011_chart_1
account_group_483,483,,"State-Greenhousgasandsimilaremissionquotasreceived",l10n_lu.lu_2011_chart_1
account_group_484,484,,"Transitoryorsuspenseaccounts-Assets",l10n_lu.lu_2011_chart_1
account_group_485,485,,"Transitoryorsuspenseaccounts-Liabilities",l10n_lu.lu_2011_chart_1
account_group_486,486,,"Linkingaccounts(branches)-Assets",l10n_lu.lu_2011_chart_1
account_group_487,487,,"Linkingaccounts(branches)-Liabilities",l10n_lu.lu_2011_chart_1
account_group_5,5,,"FINANCIALACCOUNTS",l10n_lu.lu_2011_chart_1
account_group_50,50,,"Transferablesecurities",l10n_lu.lu_2011_chart_1
account_group_501,501,,"Sharesinaffiliatedundertakings",l10n_lu.lu_2011_chart_1
account_group_502,502,,"Ownsharesorowncorporateunits",l10n_lu.lu_2011_chart_1
account_group_503,503,,"Sharesinundertakingswithwhichtheundertakingislinkedbyvirtueofparticipatinginterests",l10n_lu.lu_2011_chart_1
account_group_508,508,,"Othertransferablesecurities",l10n_lu.lu_2011_chart_1
account_group_5081,5081,,"Shares-listedsecurities",l10n_lu.lu_2011_chart_1
account_group_5082,5082,,"Shares-unlistedsecurities",l10n_lu.lu_2011_chart_1
account_group_5083,5083,,"Debentureloansandothernotesissuedandrepurchasedbythecompany",l10n_lu.lu_2011_chart_1
account_group_5084,5084,,"Listeddebentureloans",l10n_lu.lu_2011_chart_1
account_group_5085,5085,,"Unlisteddebentureloans",l10n_lu.lu_2011_chart_1
account_group_5088,5088,,"Othermiscellaneoustransferablesecurities",l10n_lu.lu_2011_chart_1
account_group_51,51,,"Cashatbank,inpostalchequesaccounts,chequesandinhand",l10n_lu.lu_2011_chart_1
account_group_513,513,,"Banksandpostalchequesaccounts(CCP)",l10n_lu.lu_2011_chart_1
account_group_5131,5131,,"BanksandCCP:availablebalance",l10n_lu.lu_2011_chart_1
account_group_5132,5132,,"BanksandCCP:overdraft",l10n_lu.lu_2011_chart_1
account_group_516,516,,"Cashinhand",l10n_lu.lu_2011_chart_1
account_group_517,517,,"Internaltransfers",l10n_lu.lu_2011_chart_1
account_group_5171,5171,,"Internaltransfers:debitbalance",l10n_lu.lu_2011_chart_1
account_group_5172,5172,,"Internaltransfers:creditbalance",l10n_lu.lu_2011_chart_1
account_group_518,518,,"Othercashamounts",l10n_lu.lu_2011_chart_1
account_group_6,6,,"CHARGESACCOUNTS",l10n_lu.lu_2011_chart_1
account_group_60,60,,"Useofmerchandise,rawandconsumablematerials",l10n_lu.lu_2011_chart_1
account_group_601,601,,"Purchasesofrawmaterials",l10n_lu.lu_2011_chart_1
account_group_603,603,,"Purchasesofconsumablematerialsandsupplies",l10n_lu.lu_2011_chart_1
account_group_6031,6031,,"Fuels,gas,waterandelectricity",l10n_lu.lu_2011_chart_1
account_group_60311,60311,,"Solidfuels",l10n_lu.lu_2011_chart_1
account_group_60312,60312,,"Liquidfuels",l10n_lu.lu_2011_chart_1
account_group_60313,60313,,"Gas",l10n_lu.lu_2011_chart_1
account_group_60314,60314,,"Waterandsewage",l10n_lu.lu_2011_chart_1
account_group_60315,60315,,"Electricity",l10n_lu.lu_2011_chart_1
account_group_6032,6032,,"Maintenancesupplies",l10n_lu.lu_2011_chart_1
account_group_6033,6033,,"Workshop,factoryandstoresuppliesandsmallequipment",l10n_lu.lu_2011_chart_1
account_group_6034,6034,,"Workclothes",l10n_lu.lu_2011_chart_1
account_group_6035,6035,,"Officeandadministrativesupplies",l10n_lu.lu_2011_chart_1
account_group_6036,6036,,"Motorfuels",l10n_lu.lu_2011_chart_1
account_group_6037,6037,,"Lubricants",l10n_lu.lu_2011_chart_1
account_group_6038,6038,,"Otherconsumablesupplies",l10n_lu.lu_2011_chart_1
account_group_604,604,,"Purchasesofpackaging",l10n_lu.lu_2011_chart_1
account_group_606,606,,"Purchasesofmerchandiseandothergoodsforresale",l10n_lu.lu_2011_chart_1
account_group_6061,6061,,"Purchasesofmerchandise",l10n_lu.lu_2011_chart_1
account_group_6062,6062,,"Purchasesoflandforresale",l10n_lu.lu_2011_chart_1
account_group_6063,6063,,"Purchasesofbuildingsforresale",l10n_lu.lu_2011_chart_1
account_group_607,607,,"Changesininventory",l10n_lu.lu_2011_chart_1
account_group_6071,6071,,"Changesininventoryofrawmaterials",l10n_lu.lu_2011_chart_1
account_group_6073,6073,,"Changesininventoryofconsumablematerialsandsupplies",l10n_lu.lu_2011_chart_1
account_group_6074,6074,,"Changesininventoryofpackaging",l10n_lu.lu_2011_chart_1
account_group_6076,6076,,"Changesininventoryofmerchandiseandothergoodsforresale",l10n_lu.lu_2011_chart_1
account_group_60761,60761,,"Merchandise",l10n_lu.lu_2011_chart_1
account_group_60762,60762,,"Landforresale",l10n_lu.lu_2011_chart_1
account_group_60763,60763,,"Buildingsforresale",l10n_lu.lu_2011_chart_1
account_group_608,608,,"Purchasesofitemsincludedintheproductionofgoodsandservices",l10n_lu.lu_2011_chart_1
account_group_6081,6081,,"Servicesincludedintheproductionofgoodsandservices",l10n_lu.lu_2011_chart_1
account_group_60811,60811,,"Tailoring",l10n_lu.lu_2011_chart_1
account_group_60812,60812,,"Researchanddevelopment",l10n_lu.lu_2011_chart_1
account_group_60813,60813,,"Architects'andengineers'fees",l10n_lu.lu_2011_chart_1
account_group_60814,60814,,"Outsourcingincludedintheproductionofgoodsandservices",l10n_lu.lu_2011_chart_1
account_group_6082,6082,,"Otherpurchasesofmaterialincludedintheproductionofgoodsandservices",l10n_lu.lu_2011_chart_1
account_group_6083,6083,,"Purchaseofgreenhousgasandsimilaremissionquotas",l10n_lu.lu_2011_chart_1
account_group_6088,6088,,"Otherpurchasesincludedintheproductionofgoodsandservices",l10n_lu.lu_2011_chart_1
account_group_609,609,,"Rebates,discountsandrefunds(RDR)receivedandnotdirectlydeductedfrompurchases",l10n_lu.lu_2011_chart_1
account_group_6091,6091,,"RDRonpurchasesofrawmaterials",l10n_lu.lu_2011_chart_1
account_group_6093,6093,,"RDRonpurchasesofconsumablematerialsandsupplies",l10n_lu.lu_2011_chart_1
account_group_6094,6094,,"RDRonpurchasesofpackaging",l10n_lu.lu_2011_chart_1
account_group_6096,6096,,"RDRonpurchasesofmerchandiseandothergoodsforresale",l10n_lu.lu_2011_chart_1
account_group_6098,6098,,"RDRonpurchasesincludedintheproductionofgoodsandservices",l10n_lu.lu_2011_chart_1
account_group_6099,6099,,"UnallocatedRDR",l10n_lu.lu_2011_chart_1
account_group_61,61,,"Otherexternalcharges",l10n_lu.lu_2011_chart_1
account_group_611,611,,"Rentsandservicecharges",l10n_lu.lu_2011_chart_1
account_group_6111,6111,,"Rentsandoperationnalleasingforrealproperty",l10n_lu.lu_2011_chart_1
account_group_61111,61111,,"Land",l10n_lu.lu_2011_chart_1
account_group_61112,61112,,"Buildings",l10n_lu.lu_2011_chart_1
account_group_6112,6112,,"Rentsandoperationalleasingonmovableproperty",l10n_lu.lu_2011_chart_1
account_group_61123,61123,,"Rollingstock",l10n_lu.lu_2011_chart_1
account_group_61128,61128,,"Other",l10n_lu.lu_2011_chart_1
account_group_6113,6113,,"Servicechargesandco-ownershipexpenses",l10n_lu.lu_2011_chart_1
account_group_6114,6114,,"Financialleasingonrealproperty",l10n_lu.lu_2011_chart_1
account_group_6115,6115,,"Financialleasingonmovableproperty",l10n_lu.lu_2011_chart_1
account_group_61153,61153,,"Rollingstock",l10n_lu.lu_2011_chart_1
account_group_61158,61158,,"Other",l10n_lu.lu_2011_chart_1
account_group_612,612,,"Subcontracting,servicing,repairsandmaintenance",l10n_lu.lu_2011_chart_1
account_group_6121,6121,,"Generalsubcontracting(notincludedintheproductionofgoodsandservices)",l10n_lu.lu_2011_chart_1
account_group_6122,6122,,"Servicing,repairsandmaintenance",l10n_lu.lu_2011_chart_1
account_group_61221,61221,,"Buildings",l10n_lu.lu_2011_chart_1
account_group_61223,61223,,"Rollingstock",l10n_lu.lu_2011_chart_1
account_group_61228,61228,,"Other",l10n_lu.lu_2011_chart_1
account_group_613,613,,"Remunerationofintermediariesandprofessionalfees",l10n_lu.lu_2011_chart_1
account_group_6131,6131,,"Commissionsandbrokeragefees",l10n_lu.lu_2011_chart_1
account_group_6132,6132,,"ITservices",l10n_lu.lu_2011_chart_1
account_group_6133,6133,,"Bankingandsimilarservices",l10n_lu.lu_2011_chart_1
account_group_61332,61332,,"Loans'issuanceexpenses",l10n_lu.lu_2011_chart_1
account_group_61333,61333,,"Bankaccountchargesandbankcommissions(includedcustodyfeesonsecurities)",l10n_lu.lu_2011_chart_1
account_group_61334,61334,,"Chargesforelectronicmeansofpaiment",l10n_lu.lu_2011_chart_1
account_group_61336,61336,,"Factoringservices",l10n_lu.lu_2011_chart_1
account_group_61338,61338,,"Otherbankingandsimilarservices(exceptinterestandsimilarexpenses)",l10n_lu.lu_2011_chart_1
account_group_6134,6134,,"Professionalfees",l10n_lu.lu_2011_chart_1
account_group_61341,61341,,"Legal,litigationandsimilarfees",l10n_lu.lu_2011_chart_1
account_group_61342,61342,,"Accounting,taxconsulting,auditingandsimilarfees",l10n_lu.lu_2011_chart_1
account_group_61348,61348,,"Otherprofessionalfees",l10n_lu.lu_2011_chart_1
account_group_6135,6135,,"Notarialandsimilarfees",l10n_lu.lu_2011_chart_1
account_group_6138,6138,,"Otherremunerationofintermediariesandprofessionalfees",l10n_lu.lu_2011_chart_1
account_group_614,614,,"Insurancepremiums",l10n_lu.lu_2011_chart_1
account_group_6141,6141,,"Insuranceforassets",l10n_lu.lu_2011_chart_1
account_group_61411,61411,,"Buildings",l10n_lu.lu_2011_chart_1
account_group_61412,61412,,"Rollingstock",l10n_lu.lu_2011_chart_1
account_group_61418,61418,,"Other",l10n_lu.lu_2011_chart_1
account_group_6142,6142,,"Insuranceonrentedassets",l10n_lu.lu_2011_chart_1
account_group_6143,6143,,"Transportinsurance",l10n_lu.lu_2011_chart_1
account_group_6144,6144,,"Businessriskinsurance",l10n_lu.lu_2011_chart_1
account_group_6145,6145,,"Customerscreditinsurance",l10n_lu.lu_2011_chart_1
account_group_6146,6146,,"Third-partyinsurance",l10n_lu.lu_2011_chart_1
account_group_6148,6148,,"Otherinsurances",l10n_lu.lu_2011_chart_1
account_group_615,615,,"Marketingandcommunicationcosts",l10n_lu.lu_2011_chart_1
account_group_6151,6151,,"Marketingandadvertisingcosts",l10n_lu.lu_2011_chart_1
account_group_61511,61511,,"Pressadvertising",l10n_lu.lu_2011_chart_1
account_group_61512,61512,,"Samples",l10n_lu.lu_2011_chart_1
account_group_61513,61513,,"Fairsandexhibitions",l10n_lu.lu_2011_chart_1
account_group_61514,61514,,"Giftstocustomers",l10n_lu.lu_2011_chart_1
account_group_61515,61515,,"Catalogues,printedmaterialsandpublications",l10n_lu.lu_2011_chart_1
account_group_61516,61516,,"Donations",l10n_lu.lu_2011_chart_1
account_group_61517,61517,,"Sponsorship",l10n_lu.lu_2011_chart_1
account_group_61518,61518,,"Otherpurchasesofadvertisingservices",l10n_lu.lu_2011_chart_1
account_group_6152,6152,,"Travelandentertainmentexpenses",l10n_lu.lu_2011_chart_1
account_group_61521,61521,,"Travelexpenses",l10n_lu.lu_2011_chart_1
account_group_615211,615211,,"Management(ifappropriateownerandpartner)",l10n_lu.lu_2011_chart_1
account_group_615212,615212,,"Staff",l10n_lu.lu_2011_chart_1
account_group_61522,61522,,"Relocationexpenses",l10n_lu.lu_2011_chart_1
account_group_61523,61523,,"Businessassignments",l10n_lu.lu_2011_chart_1
account_group_61524,61524,,"Receptionsandentertainmentcosts",l10n_lu.lu_2011_chart_1
account_group_6153,6153,,"Postalchargesandtelecommunicationcosts",l10n_lu.lu_2011_chart_1
account_group_61531,61531,,"Postalcharges",l10n_lu.lu_2011_chart_1
account_group_61532,61532,,"Telecommunicationcosts",l10n_lu.lu_2011_chart_1
account_group_616,616,,"Transportationofgoodsandcollectivestafftransportation",l10n_lu.lu_2011_chart_1
account_group_6161,6161,,"Transportationofpurchasedgoods",l10n_lu.lu_2011_chart_1
account_group_6162,6162,,"Transportationofsoldgoods",l10n_lu.lu_2011_chart_1
account_group_6165,6165,,"Collectivestafftransportation",l10n_lu.lu_2011_chart_1
account_group_6168,6168,,"Othertransportation",l10n_lu.lu_2011_chart_1
account_group_617,617,,"Externalstaffofthecompany",l10n_lu.lu_2011_chart_1
account_group_6171,6171,,"Temporarystaff",l10n_lu.lu_2011_chart_1
account_group_6172,6172,,"Externalstaffonsecondment",l10n_lu.lu_2011_chart_1
account_group_618,618,,"Miscellaneousexternalcharges",l10n_lu.lu_2011_chart_1
account_group_6181,6181,,"Documentation",l10n_lu.lu_2011_chart_1
account_group_6182,6182,,"Costsoftraining,symposiums,seminars,conferences",l10n_lu.lu_2011_chart_1
account_group_6183,6183,,"Industrialandnon-industrialwastetreatment",l10n_lu.lu_2011_chart_1
account_group_6184,6184,,"Fuels,gas,waterandelectricity(notincludedintheproductionofgoodsandservices)",l10n_lu.lu_2011_chart_1
account_group_61841,61841,,"Solidfuels",l10n_lu.lu_2011_chart_1
account_group_61842,61842,,"Liquidfuels(oil,motorfuel,etc.)",l10n_lu.lu_2011_chart_1
account_group_61843,61843,,"Gas",l10n_lu.lu_2011_chart_1
account_group_61844,61844,,"Waterandwastewater",l10n_lu.lu_2011_chart_1
account_group_61845,61845,,"Electricity",l10n_lu.lu_2011_chart_1
account_group_6185,6185,,"Suppliesandsmallequipment",l10n_lu.lu_2011_chart_1
account_group_61851,61851,,"Officesupplies",l10n_lu.lu_2011_chart_1
account_group_61852,61852,,"Smallequipment",l10n_lu.lu_2011_chart_1
account_group_61853,61853,,"Workclothes",l10n_lu.lu_2011_chart_1
account_group_61854,61854,,"Maintenancesupplies",l10n_lu.lu_2011_chart_1
account_group_61858,61858,,"Other",l10n_lu.lu_2011_chart_1
account_group_6186,6186,,"Surveillanceandsecuritycharges",l10n_lu.lu_2011_chart_1
account_group_6187,6187,,"Contributionstoprofessionalassociations",l10n_lu.lu_2011_chart_1
account_group_6188,6188,,"Othermiscellaneousexternalcharges",l10n_lu.lu_2011_chart_1
account_group_619,619,,"Rebates,discountsandrefundsreceivedonotherexternalcharges",l10n_lu.lu_2011_chart_1
account_group_62,62,,"Staffexpenses",l10n_lu.lu_2011_chart_1
account_group_621,621,,"Staffremuneration",l10n_lu.lu_2011_chart_1
account_group_6211,6211,,"Grosswages",l10n_lu.lu_2011_chart_1
account_group_62111,62111,,"Basewages",l10n_lu.lu_2011_chart_1
account_group_62112,62112,,"Wagesupplements",l10n_lu.lu_2011_chart_1
account_group_621121,621121,,"Sunday",l10n_lu.lu_2011_chart_1
account_group_621122,621122,,"Publicholidays",l10n_lu.lu_2011_chart_1
account_group_621123,621123,,"Overtime",l10n_lu.lu_2011_chart_1
account_group_621128,621128,,"Othersupplements",l10n_lu.lu_2011_chart_1
account_group_62114,62114,,"Incentives,bonusesandcommissions",l10n_lu.lu_2011_chart_1
account_group_62115,62115,,"Benefitsinkind",l10n_lu.lu_2011_chart_1
account_group_62116,62116,,"Severancepay",l10n_lu.lu_2011_chart_1
account_group_62117,62117,,"Survivor'spay",l10n_lu.lu_2011_chart_1
account_group_6218,6218,,"Otherbenefits",l10n_lu.lu_2011_chart_1
account_group_6219,6219,,"Refundsonwagespaid",l10n_lu.lu_2011_chart_1
account_group_622,622,,"Otherstaffremuneration",l10n_lu.lu_2011_chart_1
account_group_6221,6221,,"Students",l10n_lu.lu_2011_chart_1
account_group_6222,6222,,"Casualworkers",l10n_lu.lu_2011_chart_1
account_group_6228,6228,,"Other",l10n_lu.lu_2011_chart_1
account_group_623,623,,"Socialsecuritycosts(employer'sshare)",l10n_lu.lu_2011_chart_1
account_group_6231,6231,,"Socialsecurityonpensions",l10n_lu.lu_2011_chart_1
account_group_6232,6232,,"Othersocialsecuritycosts(includingillness,accidents,a.s.o.)",l10n_lu.lu_2011_chart_1
account_group_624,624,,"Otherstaffexpenses",l10n_lu.lu_2011_chart_1
account_group_6241,6241,,"Complementarypensions",l10n_lu.lu_2011_chart_1
account_group_62411,62411,,"Premiumsforexternalpensionsfunds",l10n_lu.lu_2011_chart_1
account_group_62412,62412,,"Changestoprovisionsforcomplementarypensions",l10n_lu.lu_2011_chart_1
account_group_62413,62413,,"Withholdingtaxoncomplementarypensions",l10n_lu.lu_2011_chart_1
account_group_62414,62414,,"Insolvencyinsurancepremiums",l10n_lu.lu_2011_chart_1
account_group_62415,62415,,"Complementarypensionspaidbytheemployer",l10n_lu.lu_2011_chart_1
account_group_6248,6248,,"Otherstaffexpensesnotmentionedabove",l10n_lu.lu_2011_chart_1
account_group_63,63,,"Allocationstovalueadjustments(AVA)andfairvalueadjustments(FVA)onformationexpenses,intangible,tangibleandcurrentassets(excepttransferablesecurities)",l10n_lu.lu_2011_chart_1
account_group_631,631,,"AVAonformationexpensesandsimilarexpenses",l10n_lu.lu_2011_chart_1
account_group_6311,6311,,"AVAonset-upandstart-upcosts",l10n_lu.lu_2011_chart_1
account_group_6313,6313,,"AVAonexpensesforcapitalincreasesandvariousoperations(mergers,demergers,changesoflegalform)",l10n_lu.lu_2011_chart_1
account_group_6314,6314,,"AVAonloan-issuanceexpenses",l10n_lu.lu_2011_chart_1
account_group_6318,6318,,"AVAonothersimilarexpenses",l10n_lu.lu_2011_chart_1
account_group_632,632,,"AVAonintangiblefixedassets",l10n_lu.lu_2011_chart_1
account_group_6321,6321,,"AVAondevelopmentcosts",l10n_lu.lu_2011_chart_1
account_group_6322,6322,,"AVAonconcessions,patents,licences,trademarksandsimilarrightsandassets",l10n_lu.lu_2011_chart_1
account_group_6323,6323,,"AVAongoodwillacquiredforconsideration",l10n_lu.lu_2011_chart_1
account_group_6324,6324,,"AVAondownpaymentsandintangiblefixedassetsunderdevelopment",l10n_lu.lu_2011_chart_1
account_group_633,633,,"AVAontangiblefixedassetsandfairvalueadjustments(FVA)oninvestmentproperties",l10n_lu.lu_2011_chart_1
account_group_6331,6331,,"AVAonland,fittings-outandbuildingsandFVAoninvestmentproperties",l10n_lu.lu_2011_chart_1
account_group_63311,63311,,"AVAonland",l10n_lu.lu_2011_chart_1
account_group_63312,63312,,"AVAonfixturesandfittings-outofland",l10n_lu.lu_2011_chart_1
account_group_63313,63313,,"AVAonbuildings",l10n_lu.lu_2011_chart_1
account_group_63314,63314,,"AVAonfixturesandfittings-outofbuildings",l10n_lu.lu_2011_chart_1
account_group_63315,63315,,"FVAoninvestmentproperties",l10n_lu.lu_2011_chart_1
account_group_6332,6332,,"AVAonplantandmachinery",l10n_lu.lu_2011_chart_1
account_group_6333,6333,,"AVAonotherfixturesandfittings,toolsandequipment(includingrollingstock)",l10n_lu.lu_2011_chart_1
account_group_6334,6334,,"AVAondownpaymentsandtangiblefixedassetsunderdevelopment",l10n_lu.lu_2011_chart_1
account_group_634,634,,"AVAoninventories",l10n_lu.lu_2011_chart_1
account_group_6341,6341,,"AVAoninventoriesofrawmaterialsandconsumables",l10n_lu.lu_2011_chart_1
account_group_6342,6342,,"AVAoninventoriesofworkandcontractsinprogress",l10n_lu.lu_2011_chart_1
account_group_6343,6343,,"AVAoninventoriesofgoods",l10n_lu.lu_2011_chart_1
account_group_6344,6344,,"AVAoninventoriesofmerchandiseandothergoodsforresale",l10n_lu.lu_2011_chart_1
account_group_6345,6345,,"AVAondownpaymentsoninventories",l10n_lu.lu_2011_chart_1
account_group_635,635,,"AVAandFVAonreceivablesfromcurrentassets",l10n_lu.lu_2011_chart_1
account_group_6351,6351,,"AVAontradereceivables",l10n_lu.lu_2011_chart_1
account_group_6352,6352,,"AVAonamountsowedbyaffiliatedundertakingsandundertakingswithwhichtheundertakingislinkedbyvirtueofparticipatinginterests",l10n_lu.lu_2011_chart_1
account_group_6353,6353,,"AVAonotherreceivables",l10n_lu.lu_2011_chart_1
account_group_6354,6354,,"FVAonreceivablesfromcurrentassets",l10n_lu.lu_2011_chart_1
account_group_64,64,,"Otheroperatingcharges",l10n_lu.lu_2011_chart_1
account_group_641,641,,"Feesandroyaltiesforconcessions,patents,licences,trademarksandsimilarrightsandassets",l10n_lu.lu_2011_chart_1
account_group_6411,6411,,"Concessions",l10n_lu.lu_2011_chart_1
account_group_6412,6412,,"Patents",l10n_lu.lu_2011_chart_1
account_group_6413,6413,,"Softwarelicences",l10n_lu.lu_2011_chart_1
account_group_6414,6414,,"Trademarksandfranchise",l10n_lu.lu_2011_chart_1
account_group_6415,6415,,"Similarrightsandassets",l10n_lu.lu_2011_chart_1
account_group_64151,64151,,"Copyrightsandreproductionrights",l10n_lu.lu_2011_chart_1
account_group_64158,64158,,"Othersimilarrightsandassets",l10n_lu.lu_2011_chart_1
account_group_642,642,,"Indemnities,damagesandinterest",l10n_lu.lu_2011_chart_1
account_group_643,643,,"Attendancefees,director'sfeesandsimilarremuneration",l10n_lu.lu_2011_chart_1
account_group_6431,6431,,"Attendancefees",l10n_lu.lu_2011_chart_1
account_group_6432,6432,,"Director'sfees",l10n_lu.lu_2011_chart_1
account_group_6438,6438,,"Othersimilarremuneration",l10n_lu.lu_2011_chart_1
account_group_644,644,,"Lossondisposalofintangibleandtangiblefixedassets",l10n_lu.lu_2011_chart_1
account_group_6441,6441,,"Lossondisposalofintangiblefixedassets",l10n_lu.lu_2011_chart_1
account_group_64411,64411,,"Bookvalueofyieldedintangiblefixedassets",l10n_lu.lu_2011_chart_1
account_group_64412,64412,,"Disposalproceedsofintangiblefixedassets",l10n_lu.lu_2011_chart_1
account_group_6442,6442,,"Lossondisposaloftangiblefixedassets",l10n_lu.lu_2011_chart_1
account_group_64421,64421,,"Bookvalueofyieldedtangiblefixedassets",l10n_lu.lu_2011_chart_1
account_group_64422,64422,,"Disposalproceedsoftangiblefixedassets",l10n_lu.lu_2011_chart_1
account_group_645,645,,"Lossesonbaddebts",l10n_lu.lu_2011_chart_1
account_group_6451,6451,,"Tradereceivables",l10n_lu.lu_2011_chart_1
account_group_6452,6452,,"Amountsowedbyaffiliatedundertakings",l10n_lu.lu_2011_chart_1
account_group_6453,6453,,"Amountsowedbyundertakingswithwhichtheundertakingislinkedbyvirtueofparticipatinginterests",l10n_lu.lu_2011_chart_1
account_group_6454,6454,,"Otherreceivables",l10n_lu.lu_2011_chart_1
account_group_646,646,,"Taxes,dutiesandsimilarexpenses",l10n_lu.lu_2011_chart_1
account_group_6461,6461,,"Realpropertytax",l10n_lu.lu_2011_chart_1
account_group_6462,6462,,"Non-refundableVAT",l10n_lu.lu_2011_chart_1
account_group_6463,6463,,"Dutiesonimportedmerchandise",l10n_lu.lu_2011_chart_1
account_group_6464,6464,,"Excisedutiesonproductionandtaxonconsumption",l10n_lu.lu_2011_chart_1
account_group_6465,6465,,"Registrationfees,stampdutiesandmortgageduties",l10n_lu.lu_2011_chart_1
account_group_64651,64651,,"Registrationfees",l10n_lu.lu_2011_chart_1
account_group_64658,64658,,"Otherregistrationfees,stampdutiesandmortgageduties",l10n_lu.lu_2011_chart_1
account_group_6466,6466,,"Motor-vehicletaxes",l10n_lu.lu_2011_chart_1
account_group_6467,6467,,"Barlicencetax",l10n_lu.lu_2011_chart_1
account_group_6468,6468,,"Otherdutiesandtaxes",l10n_lu.lu_2011_chart_1
account_group_647,647,,"Allocationstotax-exemptcapitalgains",l10n_lu.lu_2011_chart_1
account_group_648,648,,"Othermiscellaneousoperatingcharges",l10n_lu.lu_2011_chart_1
account_group_6481,6481,,"Fines,sanctionsandpenalties",l10n_lu.lu_2011_chart_1
account_group_6488,6488,,"Miscellaneousoperatingcharges",l10n_lu.lu_2011_chart_1
account_group_649,649,,"Allocationstoprovisions",l10n_lu.lu_2011_chart_1
account_group_6491,6491,,"Allocationstotaxprovisions",l10n_lu.lu_2011_chart_1
account_group_6492,6492,,"Allocationstooperatingprovisions",l10n_lu.lu_2011_chart_1
account_group_65,65,,"Financialcharges",l10n_lu.lu_2011_chart_1
account_group_651,651,,"Allocationstovalueadjustments(AVA)andfair-valueadjustments(FVA)offinancialfixedassets",l10n_lu.lu_2011_chart_1
account_group_6511,6511,,"AVAonfinancialfixedassets",l10n_lu.lu_2011_chart_1
account_group_65111,65111,,"AVAonsharesinaffiliatedundertakings",l10n_lu.lu_2011_chart_1
account_group_65112,65112,,"AVAonamountsowedbyaffiliatedundertakings",l10n_lu.lu_2011_chart_1
account_group_65113,65113,,"AVAonparticipatinginterests",l10n_lu.lu_2011_chart_1
account_group_65114,65114,,"AVAonamountsowedbyundertakingswithwhichtheundertakingislinkedbyvirtueofparticipatinginterests",l10n_lu.lu_2011_chart_1
account_group_65115,65115,,"AVAonsecuritiesheldasfixedassets",l10n_lu.lu_2011_chart_1
account_group_65116,65116,,"AVAonloans,depositsandclaimsheldasfixedassets",l10n_lu.lu_2011_chart_1
account_group_6512,6512,,"FVAonfinancialfixedassets",l10n_lu.lu_2011_chart_1
account_group_652,652,,"Chargesandlossofdisposaloffinancialfixedassets",l10n_lu.lu_2011_chart_1
account_group_6521,6521,,"Chargesoffinancialfixedassets",l10n_lu.lu_2011_chart_1
account_group_65211,65211,,"Sharesinaffiliatedundertakings",l10n_lu.lu_2011_chart_1
account_group_65212,65212,,"Amountsowedbyaffiliatedundertakings",l10n_lu.lu_2011_chart_1
account_group_65213,65213,,"Participatinginterests",l10n_lu.lu_2011_chart_1
account_group_65214,65214,,"Amountsowedbyundertakingswithwhichtheundertakingislinkedbyvirtueofparticipatinginterests",l10n_lu.lu_2011_chart_1
account_group_65215,65215,,"Securitiesheldasfixedassets",l10n_lu.lu_2011_chart_1
account_group_65216,65216,,"Loans,depositsandclaimsheldasfixedassets",l10n_lu.lu_2011_chart_1
account_group_6522,6522,,"Lossondisposaloffinancialfixedassets",l10n_lu.lu_2011_chart_1
account_group_65221,65221,,"Lossondisposalofsharesinaffiliatedundertakings",l10n_lu.lu_2011_chart_1
account_group_652211,652211,,"Bookvalueofyieldedsharesinaffiliatedundertakings",l10n_lu.lu_2011_chart_1
account_group_652212,652212,,"Disposalproceedsofsharesinaffiliatedundertakings",l10n_lu.lu_2011_chart_1
account_group_65222,65222,,"Lossondisposalofamountsowedbyaffiliatedundertakings",l10n_lu.lu_2011_chart_1
account_group_652221,652221,,"Bookvalueofyieldedamountsowedbyaffiliatedundertakings",l10n_lu.lu_2011_chart_1
account_group_652222,652222,,"Disposalproceedsofamountsowedbyaffiliatedundertakings",l10n_lu.lu_2011_chart_1
account_group_65223,65223,,"Lossondisposalofparticipatinginterests",l10n_lu.lu_2011_chart_1
account_group_652231,652231,,"Bookvalueofyieldedparticipatinginterests",l10n_lu.lu_2011_chart_1
account_group_652232,652232,,"Disposalproceedsofparticipatinginterests",l10n_lu.lu_2011_chart_1
account_group_65224,65224,,"Lossondisposalofamountsowedbyundertakingswithwhichtheundertakingislinkedbyvirtueofparticipatinginterests",l10n_lu.lu_2011_chart_1
account_group_652241,652241,,"Bookvalueofyieldedamountsowedbyundertakingswithwhichtheundertakingislinkedbyvirtueofparticipatinginterests",l10n_lu.lu_2011_chart_1
account_group_652242,652242,,"Disposalproceedsofamountsowedbyundertakingswithwhichtheundertakingislinkedbyvirtueofparticipatinginterests",l10n_lu.lu_2011_chart_1
account_group_65225,65225,,"Lossondisposalofsecuritiesheldasfixedassets",l10n_lu.lu_2011_chart_1
account_group_652251,652251,,"Bookvalueofyieldedsecuritiesheldasfixedassets",l10n_lu.lu_2011_chart_1
account_group_652252,652252,,"Disposalproceedsofsecuritiesheldasfixedassets",l10n_lu.lu_2011_chart_1
account_group_65226,65226,,"Lossondisposalofloans,depositsandclaimsheldasfixedassets",l10n_lu.lu_2011_chart_1
account_group_652261,652261,,"Bookvalueofyieldedloans,depositsandclaimsheldasfixedassets",l10n_lu.lu_2011_chart_1
account_group_652262,652262,,"Disposalproceedsofloans,depositsandclaimsheldasfixedassets",l10n_lu.lu_2011_chart_1
account_group_653,653,,"Allocationstovalueadjustment(AVA)andfair-valueadjustments(FVA)ontransferablesecurities",l10n_lu.lu_2011_chart_1
account_group_6531,6531,,"AVAontransferablesecurities",l10n_lu.lu_2011_chart_1
account_group_65311,65311,,"AVAonsharesinaffiliatedundertakings",l10n_lu.lu_2011_chart_1
account_group_65312,65312,,"AVAonownsharesorowncorporateunits",l10n_lu.lu_2011_chart_1
account_group_65313,65313,,"AVAonsharesinundertakingswithwhichtheundertakingislinkedbyvirtueofparticipatinginterests",l10n_lu.lu_2011_chart_1
account_group_65318,65318,,"AVAonothertransferablesecurities",l10n_lu.lu_2011_chart_1
account_group_6532,6532,,"FVAontransferablesecurities",l10n_lu.lu_2011_chart_1
account_group_654,654,,"Lossondisposalofreceivablesandtransferablesecuritiesfromcurrentassets",l10n_lu.lu_2011_chart_1
account_group_6541,6541,,"Lossondisposalofreceivablesfromcurrentassets",l10n_lu.lu_2011_chart_1
account_group_65411,65411,,"Fromaffiliatedundertakings",l10n_lu.lu_2011_chart_1
account_group_65412,65412,,"Fromundertakingswithwhichtheundertakingislinkedbyvirtueofparticipatinginterests",l10n_lu.lu_2011_chart_1
account_group_65413,65413,,"fromotherreceivablesfromcurrentassets",l10n_lu.lu_2011_chart_1
account_group_6542,6542,,"Lossondisposaloftransferablesecurities",l10n_lu.lu_2011_chart_1
account_group_65421,65421,,"Sharesinaffiliatedundertakings",l10n_lu.lu_2011_chart_1
account_group_65422,65422,,"Ownsharesorcorporateunits",l10n_lu.lu_2011_chart_1
account_group_65423,65423,,"Sharesininundertakingswithwhichtheundertakingislinkedbyvirtueofparticipatinginterests",l10n_lu.lu_2011_chart_1
account_group_65428,65428,,"Othertransferablesecurities",l10n_lu.lu_2011_chart_1
account_group_655,655,,"Interestanddiscounts",l10n_lu.lu_2011_chart_1
account_group_6551,6551,,"Interestondebentureloans",l10n_lu.lu_2011_chart_1
account_group_65511,65511,,"Interestondebentureloans-affiliatedundertakings",l10n_lu.lu_2011_chart_1
account_group_65512,65512,,"Interestondebentureloans-other",l10n_lu.lu_2011_chart_1
account_group_6552,6552,,"Bankingandsimilarinterest",l10n_lu.lu_2011_chart_1
account_group_65521,65521,,"Bankinginterestoncurrentaccounts",l10n_lu.lu_2011_chart_1
account_group_65522,65522,,"Bankinginterestonfinancingoperations",l10n_lu.lu_2011_chart_1
account_group_65523,65523,,"Interestonfinancialleases",l10n_lu.lu_2011_chart_1
account_group_655231,655231,,"Interestonfinancialleases-affiliatedundertakings",l10n_lu.lu_2011_chart_1
account_group_655232,655232,,"Interestonfinancialleases-other",l10n_lu.lu_2011_chart_1
account_group_6553,6553,,"Interestontradepayables",l10n_lu.lu_2011_chart_1
account_group_6554,6554,,"Interestpayabletoaffiliatedundertakingsandundertakingswithwhichtheundertakingislinkedbyvirtueofparticipatinginterests",l10n_lu.lu_2011_chart_1
account_group_65541,65541,,"Interestpayabletoaffiliatedundertakings",l10n_lu.lu_2011_chart_1
account_group_65542,65542,,"Interestpayabletoundertakingswithwhichtheundertakingislinkedbyvirtueofparticipatinginterests",l10n_lu.lu_2011_chart_1
account_group_6555,6555,,"Discountsandchargesonbillsofexchange",l10n_lu.lu_2011_chart_1
account_group_65551,65551,,"Discountsandchargesonbillsofexchange-affiliatedundertakings",l10n_lu.lu_2011_chart_1
account_group_65552,65552,,"Discountsandchargesonbillsofexchange-other",l10n_lu.lu_2011_chart_1
account_group_6556,6556,,"Granteddiscounts",l10n_lu.lu_2011_chart_1
account_group_65561,65561,,"Granteddiscounts-affiliatedundertakings",l10n_lu.lu_2011_chart_1
account_group_65562,65562,,"Granteddiscounts-other",l10n_lu.lu_2011_chart_1
account_group_6558,6558,,"Interestpayableonotherloansanddebts",l10n_lu.lu_2011_chart_1
account_group_65581,65581,,"Interestpayableonotherloansanddebts-affiliatedundertakings",l10n_lu.lu_2011_chart_1
account_group_65582,65582,,"Interestpayableonotherloansanddebts-other",l10n_lu.lu_2011_chart_1
account_group_656,656,,"Foreigncurrencyexchangelosses",l10n_lu.lu_2011_chart_1
account_group_6561,6561,,"Foreigncurrencyexchangelosses-affiliatedundertakings",l10n_lu.lu_2011_chart_1
account_group_6562,6562,,"Foreigncurrencyexchangelosses-other",l10n_lu.lu_2011_chart_1
account_group_657,657,,"Shareinthelossesofundertakingsaccountedforundertheequitymethod",l10n_lu.lu_2011_chart_1
account_group_658,658,,"Otherfinancialcharges",l10n_lu.lu_2011_chart_1
account_group_6581,6581,,"Otherfinancialcharges-affiliatedundertakings",l10n_lu.lu_2011_chart_1
account_group_6582,6582,,"Otherfinancialcharges-other",l10n_lu.lu_2011_chart_1
account_group_659,659,,"Allocationstofinancialprovisions",l10n_lu.lu_2011_chart_1
account_group_6591,6591,,"Allocationstofinancialprovisions-affiliatedundertakings",l10n_lu.lu_2011_chart_1
account_group_6592,6592,,"Allocationstofinancialprovisions-other",l10n_lu.lu_2011_chart_1
account_group_67,67,,"Incometaxes",l10n_lu.lu_2011_chart_1
account_group_671,671,,"Corporateincometax(CIT)",l10n_lu.lu_2011_chart_1
account_group_6711,6711,,"CIT-currentfinancialyear",l10n_lu.lu_2011_chart_1
account_group_6712,6712,,"CIT-previousfinancialyears",l10n_lu.lu_2011_chart_1
account_group_672,672,,"Municipalbusinesstax",l10n_lu.lu_2011_chart_1
account_group_6721,6721,,"MBT-currentfinancialyear",l10n_lu.lu_2011_chart_1
account_group_6722,6722,,"MBT-previousfinancialyears",l10n_lu.lu_2011_chart_1
account_group_673,673,,"Foreignincometaxes",l10n_lu.lu_2011_chart_1
account_group_6731,6731,,"Withholdingtaxes",l10n_lu.lu_2011_chart_1
account_group_6732,6732,,"Taxesleviedonpermanentestablishments",l10n_lu.lu_2011_chart_1
account_group_67321,67321,,"Currentfinancialyear",l10n_lu.lu_2011_chart_1
account_group_67322,67322,,"Previousfinancialyears",l10n_lu.lu_2011_chart_1
account_group_6733,6733,,"Taxesleviedonnon-residentundertakings",l10n_lu.lu_2011_chart_1
account_group_6738,6738,,"Otherforeignincometaxes",l10n_lu.lu_2011_chart_1
account_group_679,679,,"Allocationstoprovisionsfordeferredtaxes",l10n_lu.lu_2011_chart_1
account_group_68,68,,"Othertaxesnotincludedinthepreviouscaption",l10n_lu.lu_2011_chart_1
account_group_681,681,,"Netwealthtax(NWT)",l10n_lu.lu_2011_chart_1
account_group_6811,6811,,"NWT-currentfinancialyear",l10n_lu.lu_2011_chart_1
account_group_6812,6812,,"NWT-previousfinancialyears",l10n_lu.lu_2011_chart_1
account_group_682,682,,"Subscriptiontax",l10n_lu.lu_2011_chart_1
account_group_683,683,,"Foreigntaxes",l10n_lu.lu_2011_chart_1
account_group_688,688,,"Othertaxes",l10n_lu.lu_2011_chart_1
account_group_7,7,,"INCOMEACCOUNTS",l10n_lu.lu_2011_chart_1
account_group_70,70,,"Netturnover",l10n_lu.lu_2011_chart_1
account_group_702,702,,"Salesofgoods",l10n_lu.lu_2011_chart_1
account_group_7021,7021,,"Salesoffinishedgoods",l10n_lu.lu_2011_chart_1
account_group_7022,7022,,"Salesofsemi-finishedgoods",l10n_lu.lu_2011_chart_1
account_group_7023,7023,,"Salesofresidualproducts",l10n_lu.lu_2011_chart_1
account_group_7029,7029,,"Salesofworkinprogress",l10n_lu.lu_2011_chart_1
account_group_703,703,,"Salesofservices",l10n_lu.lu_2011_chart_1
account_group_7031,7031,,"Feesandroyaltiesforconcessions,patents,licences,trademarksandsimilarrightsandassets",l10n_lu.lu_2011_chart_1
account_group_70311,70311,,"Concessions",l10n_lu.lu_2011_chart_1
account_group_70312,70312,,"Patents",l10n_lu.lu_2011_chart_1
account_group_70313,70313,,"Softwarelicences",l10n_lu.lu_2011_chart_1
account_group_70314,70314,,"Trademarksandfranchises",l10n_lu.lu_2011_chart_1
account_group_70315,70315,,"Similarrightsandassets",l10n_lu.lu_2011_chart_1
account_group_703151,703151,,"Copyrightsandreproductionrights",l10n_lu.lu_2011_chart_1
account_group_703158,703158,,"Othersimilarrightsandassets",l10n_lu.lu_2011_chart_1
account_group_7032,7032,,"Rentalincome",l10n_lu.lu_2011_chart_1
account_group_70321,70321,,"Rentalincomefromrealproperty",l10n_lu.lu_2011_chart_1
account_group_70322,70322,,"Rentalincomefrommovableproperty",l10n_lu.lu_2011_chart_1
account_group_7033,7033,,"Salesofservicesnotmentionedabove",l10n_lu.lu_2011_chart_1
account_group_7039,7039,,"Salesofservicesinthecourseofcompletion",l10n_lu.lu_2011_chart_1
account_group_704,704,,"Salesofpackaging",l10n_lu.lu_2011_chart_1
account_group_705,705,,"Commissionsandbrokeragefees",l10n_lu.lu_2011_chart_1
account_group_706,706,,"Salesofmerchandiseandothergoodsforresale",l10n_lu.lu_2011_chart_1
account_group_7061,7061,,"Salesofmerchandise",l10n_lu.lu_2011_chart_1
account_group_7062,7062,,"Salesoflandresale",l10n_lu.lu_2011_chart_1
account_group_7063,7063,,"Salesofbuildingsforresale",l10n_lu.lu_2011_chart_1
account_group_708,708,,"Othercomponentsofturnover",l10n_lu.lu_2011_chart_1
account_group_709,709,,"Rebates,discountsandrefunds(RDR)grantedandnotimmediatelydeductedfromsales",l10n_lu.lu_2011_chart_1
account_group_7092,7092,,"RDRonsalesofgoods",l10n_lu.lu_2011_chart_1
account_group_7093,7093,,"RDRonsalesofservices",l10n_lu.lu_2011_chart_1
account_group_7094,7094,,"RDRonsalesofpackages",l10n_lu.lu_2011_chart_1
account_group_7095,7095,,"RDRoncommissionsandbrokeragefees",l10n_lu.lu_2011_chart_1
account_group_7096,7096,,"RDRonsalesofmerchandiseandothergoodsforresale",l10n_lu.lu_2011_chart_1
account_group_7098,7098,,"RDRonothercomponentsofturnover",l10n_lu.lu_2011_chart_1
account_group_7099,7099,,"Notallocatedrebates,discountsandrefunds",l10n_lu.lu_2011_chart_1
account_group_71,71,,"Changeininventoriesofgoodsandofworkinprogress",l10n_lu.lu_2011_chart_1
account_group_711,711,,"Changeininventoriesofworkandcontractsinprogress",l10n_lu.lu_2011_chart_1
account_group_7111,7111,,"Changeininventoriesofworkinprogress",l10n_lu.lu_2011_chart_1
account_group_7112,7112,,"Changeininventories:contractsinprogress-goods",l10n_lu.lu_2011_chart_1
account_group_7113,7113,,"Changeininventories:contractsinprogress-services",l10n_lu.lu_2011_chart_1
account_group_7114,7114,,"Changeininventories:buildingsunderconstruction",l10n_lu.lu_2011_chart_1
account_group_712,712,,"Changeininventoriesofgoods",l10n_lu.lu_2011_chart_1
account_group_7121,7121,,"Changeininventoriesoffinishedgoods",l10n_lu.lu_2011_chart_1
account_group_7122,7122,,"Changeininventoriesofsemi-finishedgoods",l10n_lu.lu_2011_chart_1
account_group_7123,7123,,"Changeininventoriesofresidualgoods",l10n_lu.lu_2011_chart_1
account_group_72,72,,"Capitalisedproduction",l10n_lu.lu_2011_chart_1
account_group_721,721,,"Intangiblefixedassets",l10n_lu.lu_2011_chart_1
account_group_7211,7211,,"Developmentcosts",l10n_lu.lu_2011_chart_1
account_group_7212,7212,,"Concessions,patents,licences,trademarksandsimilarrightsandassets",l10n_lu.lu_2011_chart_1
account_group_72121,72121,,"Concessions",l10n_lu.lu_2011_chart_1
account_group_72122,72122,,"Patents",l10n_lu.lu_2011_chart_1
account_group_72123,72123,,"Softwarelicences",l10n_lu.lu_2011_chart_1
account_group_72124,72124,,"Trademarksandfranchises",l10n_lu.lu_2011_chart_1
account_group_72125,72125,,"Similarrightsandassets",l10n_lu.lu_2011_chart_1
account_group_721251,721251,,"Copyrightsandreproductionrights",l10n_lu.lu_2011_chart_1
account_group_721258,721258,,"Othersimilarrightsandassets",l10n_lu.lu_2011_chart_1
account_group_722,722,,"Tangiblefixedassets",l10n_lu.lu_2011_chart_1
account_group_7221,7221,,"Land,fittingsandbuildings",l10n_lu.lu_2011_chart_1
account_group_7222,7222,,"Plantandmachinery",l10n_lu.lu_2011_chart_1
account_group_7223,7223,,"Otherfixturesandfittings,toolsandequipment(includedmotorvehicles)",l10n_lu.lu_2011_chart_1
account_group_73,73,,"Reversalsofvalueadjustments(RVA)onintangible,tangibleandcurrentassets(excepttransferablesecurities)",l10n_lu.lu_2011_chart_1
account_group_732,732,,"RVAonintangiblefixedassets",l10n_lu.lu_2011_chart_1
account_group_7321,7321,,"RVAondevelopmentcosts",l10n_lu.lu_2011_chart_1
account_group_7322,7322,,"RVAonconcessions,patents,licences,trademarksandsimilarrightsandassets",l10n_lu.lu_2011_chart_1
account_group_7324,7324,,"RVAondownpaymentsandintangiblefixedassetsunderdevelopment",l10n_lu.lu_2011_chart_1
account_group_733,733,,"RVAontangiblefixedassetsandfairvalueadjustments(FVA)oninvestmentproperties",l10n_lu.lu_2011_chart_1
account_group_7331,7331,,"RVAonland,fixturesandfittings-outandbuildingsandFVAoninvestmentproperties",l10n_lu.lu_2011_chart_1
account_group_73311,73311,,"RVAonland",l10n_lu.lu_2011_chart_1
account_group_73312,73312,,"RVAonfixturesandfittings-outofland",l10n_lu.lu_2011_chart_1
account_group_73313,73313,,"RVAonbuildings",l10n_lu.lu_2011_chart_1
account_group_73314,73314,,"RVAonfixturesandfittings-outofbuildings",l10n_lu.lu_2011_chart_1
account_group_73315,73315,,"FVAoninvestmentproperties",l10n_lu.lu_2011_chart_1
account_group_7332,7332,,"RVAonplantandmachinery",l10n_lu.lu_2011_chart_1
account_group_7333,7333,,"Otherfixturesandfittings,toolsandequipment(includedmotorvehicles)",l10n_lu.lu_2011_chart_1
account_group_7334,7334,,"RVAondownpaymentsandtangiblefixedassetsunderdevelopment",l10n_lu.lu_2011_chart_1
account_group_734,734,,"RVAoninventories",l10n_lu.lu_2011_chart_1
account_group_7341,7341,,"RVAoninventoriesofrawmaterialsandconsumables",l10n_lu.lu_2011_chart_1
account_group_7342,7342,,"RVAoninventoriesofworkandcontractsinprogress",l10n_lu.lu_2011_chart_1
account_group_7343,7343,,"RVAoninventoriesofgoods",l10n_lu.lu_2011_chart_1
account_group_7344,7344,,"RVAoninventoriesofmerchandiseandothergoodsforresale",l10n_lu.lu_2011_chart_1
account_group_7345,7345,,"RVAondownpaymentsoninventories",l10n_lu.lu_2011_chart_1
account_group_735,735,,"RVAandFVAonreceivablesfromcurrentassets",l10n_lu.lu_2011_chart_1
account_group_7351,7351,,"RVAontradereceivables",l10n_lu.lu_2011_chart_1
account_group_7352,7352,,"RVAonamountsowedbyaffiliatedundertakingsandundertakingswithwhichtheundertakingislinkedbyvirtueofparticipatinginterests",l10n_lu.lu_2011_chart_1
account_group_7353,7353,,"RVAonotherreceivables",l10n_lu.lu_2011_chart_1
account_group_7354,7354,,"FVAonreceivablesfromcurrentassets",l10n_lu.lu_2011_chart_1
account_group_74,74,,"Otheroperatingincome",l10n_lu.lu_2011_chart_1
account_group_741,741,,"Feesandroyaltiesforconcessions,patents,licences,trademarksandsimilarrightsandassetsfromancillaryactivities",l10n_lu.lu_2011_chart_1
account_group_7411,7411,,"Concessions",l10n_lu.lu_2011_chart_1
account_group_7412,7412,,"Patents",l10n_lu.lu_2011_chart_1
account_group_7413,7413,,"Softwarelicences",l10n_lu.lu_2011_chart_1
account_group_7414,7414,,"Trademarksandfranchises",l10n_lu.lu_2011_chart_1
account_group_7415,7415,,"Similarrightsandassets",l10n_lu.lu_2011_chart_1
account_group_74151,74151,,"Copyrightsandreproductionrights",l10n_lu.lu_2011_chart_1
account_group_74158,74158,,"Othersimilarrightsandassets",l10n_lu.lu_2011_chart_1
account_group_742,742,,"Rentalincomefromancillaryactivities",l10n_lu.lu_2011_chart_1
account_group_7421,7421,,"Rentalincomeonrealproperty",l10n_lu.lu_2011_chart_1
account_group_7422,7422,,"Rentalincomeonmovableproperty",l10n_lu.lu_2011_chart_1
account_group_743,743,,"Attendancefees,director'sfeesandsimilarremunerations",l10n_lu.lu_2011_chart_1
account_group_744,744,,"Gainondisposalofintangibleandtangiblefixedassets",l10n_lu.lu_2011_chart_1
account_group_7441,7441,,"Gainondisposalofintangiblefixedassets",l10n_lu.lu_2011_chart_1
account_group_74411,74411,,"Bookvalueofyieldedintangiblefixedassets",l10n_lu.lu_2011_chart_1
account_group_74412,74412,,"Disposalproceedsofintangiblefixedassets",l10n_lu.lu_2011_chart_1
account_group_7442,7442,,"Incomeofyieldedtangiblefixedassets",l10n_lu.lu_2011_chart_1
account_group_74421,74421,,"Bookvalueofyieldedtangiblefixedassets",l10n_lu.lu_2011_chart_1
account_group_74422,74422,,"Disposalproceedsoftangiblefixedassets",l10n_lu.lu_2011_chart_1
account_group_745,745,,"Subsidiesforoperatingactivities",l10n_lu.lu_2011_chart_1
account_group_7451,7451,,"Productsubsidies",l10n_lu.lu_2011_chart_1
account_group_7452,7452,,"Interestsubsidies",l10n_lu.lu_2011_chart_1
account_group_7453,7453,,"Compensatoryallowances",l10n_lu.lu_2011_chart_1
account_group_7454,7454,,"Subsidiesinfavourofemploymentdevelopment",l10n_lu.lu_2011_chart_1
account_group_7458,7458,,"Othersubsidiesforoperatingactivities",l10n_lu.lu_2011_chart_1
account_group_746,746,,"Benefitsinkind",l10n_lu.lu_2011_chart_1
account_group_747,747,,"Reversalsoftemporarilynottaxablecapitalgainsandofinvestmentsubsidies",l10n_lu.lu_2011_chart_1
account_group_7471,7471,,"Temporarilynottaxablecapitalgainsnotreinvested",l10n_lu.lu_2011_chart_1
account_group_7472,7472,,"Temporarilynottaxablecapitalgainsreinvested",l10n_lu.lu_2011_chart_1
account_group_7473,7473,,"Capitalinvestmentsubsidies",l10n_lu.lu_2011_chart_1
account_group_748,748,,"Othermiscellaneousoperatingincome",l10n_lu.lu_2011_chart_1
account_group_7481,7481,,"Insuranceindemnities",l10n_lu.lu_2011_chart_1
account_group_7488,7488,,"Miscellaneousoperatingincome",l10n_lu.lu_2011_chart_1
account_group_749,749,,"Reversalsofprovisions",l10n_lu.lu_2011_chart_1
account_group_7491,7491,,"Reversalsofprovisionsfortaxes",l10n_lu.lu_2011_chart_1
account_group_7492,7492,,"Reversalsofoperatingprovisions",l10n_lu.lu_2011_chart_1
account_group_75,75,,"Financialincome",l10n_lu.lu_2011_chart_1
account_group_751,751,,"Reversalsofvalueadjustments(RVA)andfair-valueadjustments(FVA)onfinancialfixedassets",l10n_lu.lu_2011_chart_1
account_group_7511,7511,,"RVAonfinancialfixedassets",l10n_lu.lu_2011_chart_1
account_group_75111,75111,,"RVAonsharesinaffiliatedundertakings",l10n_lu.lu_2011_chart_1
account_group_75112,75112,,"RVAonamountsowedbyaffiliatedundertakings",l10n_lu.lu_2011_chart_1
account_group_75113,75113,,"RVAonparticipatinginterests",l10n_lu.lu_2011_chart_1
account_group_75114,75114,,"RVAonamountsowedbyundertakingswithwhichthecompanyislinkedbyvirtueofparticipatinginterests",l10n_lu.lu_2011_chart_1
account_group_75115,75115,,"RVAonsecuritiesheldasfixedassets",l10n_lu.lu_2011_chart_1
account_group_75116,75116,,"RVAonloans,depositsandclaimsheldasfixedassets",l10n_lu.lu_2011_chart_1
account_group_7512,7512,,"FVAonfinancialfixedassets",l10n_lu.lu_2011_chart_1
account_group_752,752,,"Incomeandgainondisposaloffinancialfixedassets",l10n_lu.lu_2011_chart_1
account_group_7521,7521,,"Incomefromfinancialfixedassets",l10n_lu.lu_2011_chart_1
account_group_75211,75211,,"Sharesinaffiliatedundertakings",l10n_lu.lu_2011_chart_1
account_group_75212,75212,,"Amountsowedbyaffiliatedundertakings",l10n_lu.lu_2011_chart_1
account_group_75213,75213,,"Participatinginterests",l10n_lu.lu_2011_chart_1
account_group_75214,75214,,"Amountsowedbyundertakingswithwhichtheundertakingislinkedbyvirtueofparticipatinginterests",l10n_lu.lu_2011_chart_1
account_group_75215,75215,,"Securitiesheldasfixedassets",l10n_lu.lu_2011_chart_1
account_group_75216,75216,,"Loans,depositsandclaimsheldasfixedassets",l10n_lu.lu_2011_chart_1
account_group_7522,7522,,"Gainondisposaloffinancialfixedassets",l10n_lu.lu_2011_chart_1
account_group_75221,75221,,"Sharesinaffiliatedundertakings",l10n_lu.lu_2011_chart_1
account_group_752211,752211,,"Bookvalueofyieldedsharesinaffiliatedundertakings",l10n_lu.lu_2011_chart_1
account_group_752212,752212,,"Disposalproceedsofsharesinaffiliatedundertakings",l10n_lu.lu_2011_chart_1
account_group_75222,75222,,"Amountsowedbyaffiliatedundertakings",l10n_lu.lu_2011_chart_1
account_group_752221,752221,,"Bookvalueofyieldedamountsowedbyaffiliatedundertakings",l10n_lu.lu_2011_chart_1
account_group_752222,752222,,"Disposalproceedsofamountsowedbyaffiliatedundertakings",l10n_lu.lu_2011_chart_1
account_group_75223,75223,,"Participatinginterests",l10n_lu.lu_2011_chart_1
account_group_752231,752231,,"Bookvalueofyieldedparticipatinginterests",l10n_lu.lu_2011_chart_1
account_group_752232,752232,,"Disposalproceedsofparticipatinginterests",l10n_lu.lu_2011_chart_1
account_group_75224,75224,,"Amountsowedbyundertakingswithwhichtheundertakingislinkedbyvirtueofparticipatinginterests",l10n_lu.lu_2011_chart_1
account_group_752241,752241,,"Bookvalueofyieldedamountsowedbyundertakingswithwhichtheundertakingislinkedbyvirtueofparticipating interests",l10n_lu.lu_2011_chart_1
account_group_752242,752242,,"Disposalproceedsofamountsowedbyundertakingswithwhichtheundertakingislinkedbyvirtueofparticipatinginterests",l10n_lu.lu_2011_chart_1
account_group_75225,75225,,"Securitiesheldasfixedassets",l10n_lu.lu_2011_chart_1
account_group_752251,752251,,"Bookvalueofyieldedsecuritiesheldasfixedassets",l10n_lu.lu_2011_chart_1
account_group_752252,752252,,"Disposalproceedsofsecuritiesheldasfixedassets",l10n_lu.lu_2011_chart_1
account_group_75226,75226,,"Loans,depositsandclaimsheldasfixedassets",l10n_lu.lu_2011_chart_1
account_group_752261,752261,,"Bookvalueofyieldedloans,depositsandclaimsheldasfixedassets",l10n_lu.lu_2011_chart_1
account_group_752262,752262,,"Disposalproceedofloans,depositsandclaimsheldasfixedassets",l10n_lu.lu_2011_chart_1
account_group_753,753,,"Reversalsofvalueadjustments(RVA)andfair-valueadjustments(FVA)ontransferablesecurities",l10n_lu.lu_2011_chart_1
account_group_7531,7531,,"RVAontransferablesecurities",l10n_lu.lu_2011_chart_1
account_group_75311,75311,,"RVAonsharesinaffiliatedundertakings",l10n_lu.lu_2011_chart_1
account_group_75312,75312,,"RVAonownsharesorcorporateunits",l10n_lu.lu_2011_chart_1
account_group_75313,75313,,"RVAonsharesinundertakingswithwhichtheundertakingislinkedbyvirtueofparticipatinginterests",l10n_lu.lu_2011_chart_1
account_group_75318,75318,,"RVAonothertransferablesecurities",l10n_lu.lu_2011_chart_1
account_group_7532,7532,,"FVAontransferablesecurities",l10n_lu.lu_2011_chart_1
account_group_754,754,,"Gainondisposalandotherincomefromcurrentreceivablesandtransferablesecuritiesofcurrentassets",l10n_lu.lu_2011_chart_1
account_group_7541,7541,,"Gainondisposalofreceivablesfromcurrentassets",l10n_lu.lu_2011_chart_1
account_group_75411,75411,,"onaffiliatedundertakings",l10n_lu.lu_2011_chart_1
account_group_75412,75412,,"onundertakingswithwhichtheundertakingislinkedbyvirtueofparticipatinginterests",l10n_lu.lu_2011_chart_1
account_group_75413,75413,,"onothercurrentreceivables",l10n_lu.lu_2011_chart_1
account_group_7542,7542,,"Gainondisposaloftransferablesecurities",l10n_lu.lu_2011_chart_1
account_group_75421,75421,,"Sharesinaffiliatedundertakings",l10n_lu.lu_2011_chart_1
account_group_75422,75422,,"Ownsharesorcorporateunits",l10n_lu.lu_2011_chart_1
account_group_75423,75423,,"Sharesinundertakingswithwhichtheundertakingislinkedbyvirtueofparticipatinginterests",l10n_lu.lu_2011_chart_1
account_group_75428,75428,,"Othertransferablesecurities",l10n_lu.lu_2011_chart_1
account_group_7548,7548,,"Otherincomefromtransferablesecurities",l10n_lu.lu_2011_chart_1
account_group_75481,75481,,"Sharesinaffiliatedundertakings",l10n_lu.lu_2011_chart_1
account_group_75482,75482,,"Ownsharesorcorporateunits",l10n_lu.lu_2011_chart_1
account_group_75483,75483,,"Sharesinundertakingswithwhichtheundertakingislinkedbyvirtueofparticipatinginterests",l10n_lu.lu_2011_chart_1
account_group_75488,75488,,"Othertransferablesecurities",l10n_lu.lu_2011_chart_1
account_group_755,755,,"Otherinterestincomefromcurrentassetsanddiscounts",l10n_lu.lu_2011_chart_1
account_group_7552,7552,,"Bankandsimilarinterest",l10n_lu.lu_2011_chart_1
account_group_75521,75521,,"Interestonbankaccounts",l10n_lu.lu_2011_chart_1
account_group_75523,75523,,"Interestonfinancialleases",l10n_lu.lu_2011_chart_1
account_group_755231,755231,,"fromaffiliatedundertakings",l10n_lu.lu_2011_chart_1
account_group_755232,755232,,"fromother",l10n_lu.lu_2011_chart_1
account_group_7553,7553,,"Interestontradereceivables",l10n_lu.lu_2011_chart_1
account_group_7554,7554,,"Interestonamountsowedbyaffiliatedundertakingsandundertakingswithwhichtheundertakingislinkedbyvirtueofparticipatinginterests",l10n_lu.lu_2011_chart_1
account_group_75541,75541,,"Interestonamountsowedbyaffiliatedundertakings",l10n_lu.lu_2011_chart_1
account_group_75542,75542,,"Interestonamountsowedbyundertakingswithwhichtheundertakingislinkedbyvirtueofparticipatinginterests",l10n_lu.lu_2011_chart_1
account_group_7555,7555,,"Discountsonbillsofexchange",l10n_lu.lu_2011_chart_1
account_group_75551,75551,,"Discountsonbillsofexchange-affiliatedundertakings",l10n_lu.lu_2011_chart_1
account_group_75552,75552,,"Discountsonbillsofexchange-other",l10n_lu.lu_2011_chart_1
account_group_7556,7556,,"Discountsreceived",l10n_lu.lu_2011_chart_1
account_group_75561,75561,,"Discountsreceived-affiliatedundertakings",l10n_lu.lu_2011_chart_1
account_group_75562,75562,,"Discountsreceived-other",l10n_lu.lu_2011_chart_1
account_group_7558,7558,,"Interestonotheramountsreceivable",l10n_lu.lu_2011_chart_1
account_group_75581,75581,,"Interestonotheramountsreceivable-affiliatedundertakings",l10n_lu.lu_2011_chart_1
account_group_75582,75582,,"Interestonotheramountsreceivable-other",l10n_lu.lu_2011_chart_1
account_group_756,756,,"Foreigncurrencyexchangegains",l10n_lu.lu_2011_chart_1
account_group_7561,7561,,"Foreigncurrencyexchangegains-affiliatedundertakings",l10n_lu.lu_2011_chart_1
account_group_7562,7562,,"Foreigncurrencyexchangegains-other",l10n_lu.lu_2011_chart_1
account_group_757,757,,"Shareofprofitfromundertakingsaccountedforundertheequitymethod",l10n_lu.lu_2011_chart_1
account_group_758,758,,"Otherfinancialincome",l10n_lu.lu_2011_chart_1
account_group_7581,7581,,"Otherfinancialincome-affiliatedundertakings",l10n_lu.lu_2011_chart_1
account_group_7582,7582,,"Otherfinancialincome-other",l10n_lu.lu_2011_chart_1
account_group_759,759,,"Reversalsoffinancialprovisions",l10n_lu.lu_2011_chart_1
account_group_7591,7591,,"Reversalsoffinancialprovisions-affiliatedundertakings",l10n_lu.lu_2011_chart_1
account_group_7592,7592,,"Reversalsoffinancialprovisions-other",l10n_lu.lu_2011_chart_1
account_group_77,77,,"Adjustmentsofincometaxes",l10n_lu.lu_2011_chart_1
account_group_771,771,,"Adjustmentsofcorporateincometax(CIT)",l10n_lu.lu_2011_chart_1
account_group_772,772,,"Adjustmentsofmunicipalbusinesstax(MBT)",l10n_lu.lu_2011_chart_1
account_group_773,773,,"Adjustmentsofforeignincometaxes",l10n_lu.lu_2011_chart_1
account_group_779,779,,"Reversalsofprovisionsfordeferredtaxes",l10n_lu.lu_2011_chart_1
account_group_78,78,,"Adjustmentsofothertaxesnotincludedinthepreviouscaption",l10n_lu.lu_2011_chart_1
account_group_781,781,,"Adjustmentsofnetwealthtax(NWT)",l10n_lu.lu_2011_chart_1
account_group_782,782,,"Adjustmentsofsubscriptiontax",l10n_lu.lu_2011_chart_1
account_group_783,783,,"Adjustmentsofforeigntaxes",l10n_lu.lu_2011_chart_1
account_group_788,788,,"Adjustmentsofothertaxes",l10n_lu.lu_2011_chart_1
